AWB,Order No,Customer,Product,Product Category,Courier Partner,Delivery Pincode,City,Order Amount,Payment Mode,Order Date,Shipped Date,EDD,Delivered Date,Shipment Status,Attempts,NDR Count,Last NDR Reason
AWB100000000,ORD-50000,CUST-2325,Leather Sandals,Footwear,ROADRUNNER LOGISTICS,141001,Ludhiana,1129,Prepaid,20-05-2026 11:43,21-05-2026 04:59,27-05-2026,,RTO Delivered,2,2,Incomplete address
AWB100000001,ORD-50001,CUST-2655,Sneakers Classic,Footwear,Kestrel Couriers,400001,Mumbai,2139,COD,02-07-2026 15:15,04-07-2026 05:19,08-07-2026,07-07-2026 10:55,Delivered,1,0,
AWB100000002,ORD-50002,CUST-3010,Bluetooth Earbuds,Electronics,MetroPost,600001,Chennai,2009,Prepaid,02-06-2026 22:56,04-06-2026 02:09,08-06-2026,,Returned to Origin,3,3,Order not required / changed mind
AWB100000003,ORD-50003,CUST-3586,Running Tee,Apparel,ROADRUNNER LOGISTICS,411045,Pune,819,COD,15-09-2026 21:21,16-09-2026 19:00,20-09-2026,20-09-2026 03:57,Delivered,1,0,
AWB100000004,ORD-50004,CUST-3352,Bluetooth Earbuds,Electronics,swiftexpress,110045,New Delhi,2479,cod,09-06-2026 08:55,09-06-2026 17:07,14-06-2026,14-06-2026 04:52,Delivered,1,0,
AWB100000005,ORD-50005,CUST-4141,Running Tee,Apparel,MetroPost,800001,Patna,639,cod,29-08-2026 15:23,30-08-2026 15:19,04-09-2026,04-09-2026 02:18,Delivered,1,0,
AWB100000006,ORD-50006,CUST-951,Running Tee,Apparel,RoadRunner Logistics,380001,Ahmedabad,539,Prepaid,13-08-2026 18:35,14-08-2026 16:09,18-08-2026,18-08-2026 04:46,DELIVERED,1,0,
AWB100000007,ORD-50007,CUST-3600,Denim Jacket,Apparel,Roadrunner Logistics,560102,Bengaluru,3079,Prepaid,04-08-2026 15:11,05-08-2026 08:37,09-08-2026,08-08-2026 15:24,DELIVERED,1,0,
AWB100000008,ORD-50008,CUST-446,Bedsheet Set,Home,SwiftExpress,562130,Bengaluru Rural,1119,cod,08-09-2026 09:16,09-09-2026 11:09,12-09-2026,,Returned to Origin,1,1,Consignee refused delivery
AWB100000009,ORD-50009,CUST-681,Bluetooth Earbuds,Electronics,SwiftExpress,302001,Jaipur,2069,Prepaid,23-05-2026 12:59,23-05-2026 19:16,28-05-2026,28-05-2026 01:11,Delivered,1,0,
AWB100000010,ORD-50010,CUST-1459,Vitamin C Serum,Beauty,Swift Express,411045,Pune,429,Prepaid,09-09-2026 17:13,10-09-2026 14:32,14-09-2026,13-09-2026 23:04,Delivered,1,0,
AWB100000011,ORD-50011,CUST-523,Running Tee,Apparel,ROADRUNNER LOGISTICS,411001,Pune,699,Prepaid,12-08-2026 17:16,13-08-2026 13:28,16-08-2026,15-08-2026 21:25,DELIVERED,1,0,
AWB100000012,ORD-50012,CUST-179,Bedsheet Set,Home,Swift Express,560102,Bengaluru,1529,,21-07-2026 11:28,22-07-2026 03:17,25-07-2026,24-07-2026 13:54,Delivered,1,0,
AWB100000013,ORD-50013,CUST-2577,Sneakers Classic,Footwear,Kestrel Couriers,562125,Bengaluru Rural,1649,cod,24-07-2026 17:50,25-07-2026 02:07,29-07-2026,28-07-2026 11:09,Delivered,1,0,
AWB100000014,ORD-50014,CUST-3941,Power Bank 10000,Electronics,SwiftExpress,110092,New Delhi,919,Prepaid,04-08-2026 19:34,05-08-2026 12:01,11-08-2026,10-08-2026 18:54,Delivered,1,0,
AWB100000015,ORD-50015,CUST-684,Running Tee,Apparel,Kestrel Couriers,562110,Bengaluru Rural,649,cod,21-07-2026 18:15,23-07-2026 01:47,27-07-2026,26-07-2026 06:27,Delivered,1,0,
AWB100000016,ORD-50016,CUST-3019,Denim Jacket,Apparel,Roadrunner Logistics,110045,New Delhi,2679,cod,21-05-2026 13:43,21-05-2026 17:56,26-05-2026,26-05-2026 04:19,Delivered,1,0,
AWB100000017,ORD-50017,CUST-3080,Bedsheet Set,Home,Roadrunner Logistics,400092,Mumbai,1069,Prepaid,14-08-2026 16:55,15-08-2026 10:47,18-08-2026,18-08-2026 16:48,Delivered,2,1,Customer not reachable on phone
AWB100000018,ORD-50018,CUST-3320,Leather Sandals,Footwear,RoadRunner Logistics,440010,Nagpur,999,Prepaid,10-09-2026 15:42,11-09-2026 18:42,15-09-2026,15-09-2026 06:14,Delivered,1,0,
AWB100000019,ORD-50019,CUST-776,Vitamin C Serum,Beauty,Kestrel Couriers,226010,Lucknow,619,COD,15-09-2026 14:19,16-09-2026 18:43,22-09-2026,,RTO Delivered,3,3,Customer not reachable on phone
AWB100000020,ORD-50020,CUST-4005,Cotton Kurta Set,Apparel,Roadrunner Logistics,600001,Chennai,1189,COD,12-09-2026 16:51,13-09-2026 11:44,17-09-2026,16-09-2026 18:47,Delivered,1,0,
AWB100000021,ORD-50021,CUST-1100,Bedsheet Set,Home,Roadrunner Logistics,751001,Bhubaneswar,1839,COD,03-07-2026 18:17,04-07-2026 05:13,09-07-2026,08-07-2026 11:54,Delivered,1,0,
AWB100000022,ORD-50022,CUST-1427,Running Tee,Apparel,RoadRunner Logistics,110017,New Delhi,749,cod,17-07-2026 22:39,19-07-2026 02:36,24-07-2026,23-07-2026 13:21,DELIVERED,1,0,
AWB100000023,ORD-50023,CUST-3724,Sneakers Classic,Footwear,Metro Post,562114,Bengaluru Rural,1879,COD,17-06-2026 17:10,18-06-2026 09:12,22-06-2026,,Returned to Origin,1,1,Customer refused to accept
AWB100000024,ORD-50024,CUST-3701,Leather Sandals,Footwear,Kestrel Couriers,411045,Pune,849,Prepaid,03-09-2026 18:23,04-09-2026 04:15,07-09-2026,06-09-2026 11:58,Delivered,1,0,
AWB100000025,ORD-50025,CUST-2631,Cotton Kurta Set,Apparel,MetroPost,110045,New Delhi,1389,cod,06-06-2026 13:20,07-06-2026 06:47,12-06-2026,,RTO Delivered,3,3,No response on call
AWB100000026,ORD-50026,CUST-135,Vitamin C Serum,Beauty,MetroPost,411001,Pune,699,Prepaid,20-06-2026 13:44,21-06-2026 07:14,24-06-2026,23-06-2026 14:11,Delivered,1,0,
AWB100000027,ORD-50027,CUST-4171,Hair Oil Combo,Beauty,swiftexpress,411001,Pune,599,COD,12-06-2026 13:12,12-06-2026 19:20,16-06-2026,16-06-2026 07:07,Delivered,1,0,
AWB100000028,ORD-50028,CUST-2753,Cotton Kurta Set,Apparel,ROADRUNNER LOGISTICS,400053,Mumbai,1429,COD,04-06-2026 22:38,05-06-2026 17:16,09-06-2026,10-06-2026 05:17,DELIVERED,2,1,Address not found
AWB100000029,ORD-50029,CUST-3246,Leather Sandals,Footwear,ROADRUNNER LOGISTICS,682001,Kochi,1139,cod,22-06-2026 17:20,23-06-2026 05:46,27-06-2026,26-06-2026 13:55,DELIVERED,1,0,
AWB100000030,ORD-50030,CUST-1761,Sneakers Classic,Footwear,RoadRunner Logistics,600096,Chennai,2159,Prepaid,05-09-2026 17:31,05-09-2026 21:38,08-09-2026,09-09-2026 09:30,Delivered,2,1,Customer not reachable on phone
AWB100000031,ORD-50031,CUST-3401,Hair Oil Combo,Beauty,MetroPost,600096,Chennai,439,cod,10-06-2026 16:31,11-06-2026 17:57,15-06-2026,15-06-2026 01:55,Delivered,1,0,
AWB100000032,ORD-50032,CUST-666,Bluetooth Earbuds,Electronics,Metro Post,700019,Kolkata,1659,COD,12-08-2026 13:23,13-08-2026 09:08,18-08-2026,17-08-2026 14:56,Delivered,1,0,
AWB100000033,ORD-50033,CUST-4117,Vitamin C Serum,Beauty,Swift Express,411045,Pune,789,Prepaid,13-06-2026 16:00,14-06-2026 10:03,18-06-2026,17-06-2026 17:06,Delivered,1,0,
AWB100000034,ORD-50034,CUST-1577,Bedsheet Set,Home,Kestrel Couriers,500032,Hyderabad,1889,PREPAID,22-07-2026 19:27,23-07-2026 18:47,26-07-2026,26-07-2026 04:15,Delivered,1,0,
AWB100000035,ORD-50035,CUST-980,Cotton Kurta Set,Apparel,RoadRunner Logistics,562107,Bengaluru Rural,1709,COD,09-08-2026 09:11,10-08-2026 06:09,13-08-2026,,RTO Delivered,1,1,Customer refused to accept
AWB100000036,ORD-50036,CUST-3164,Ceramic Mug Set,Home,ROADRUNNER LOGISTICS,700019,Kolkata,779,Prepaid,15-06-2026 21:07,16-06-2026 06:17,21-06-2026,20-06-2026 13:11,DELIVERED,1,0,
AWB100000037,ORD-50037,CUST-3141,Sneakers Classic,Footwear,RoadRunner Logistics,201305,Noida,1979,PREPAID,06-09-2026 20:56,07-09-2026 14:55,13-09-2026,13-09-2026 03:20,Delivered,1,0,
AWB100000038,ORD-50038,CUST-3322,Ceramic Mug Set,Home,Kestrel Couriers,226001,Lucknow,739,Prepaid,29-06-2026 15:02,29-06-2026 19:36,04-07-2026,,Returned to Origin,3,3,Door locked / customer unavailable
AWB100000039,ORD-50039,CUST-1643,Hair Oil Combo,Beauty,MetroPost,201301,Noida,449,cod,20-05-2026 08:57,20-05-2026 15:29,25-05-2026,26-05-2026 00:25,Delivered,2,1,Consignee not available
AWB100000040,ORD-50040,CUST-1308,Ceramic Mug Set,Home,Kestrel Couriers,500032,Hyderabad,579,COD,20-06-2026 16:54,21-06-2026 22:48,24-06-2026,24-06-2026 07:28,Delivered,1,0,
AWB100000041,ORD-50041,CUST-3105,Denim Jacket,Apparel,MetroPost,110001,New Delhi,3099,Prepaid,24-07-2026 19:34,25-07-2026 03:09,30-07-2026,29-07-2026 08:34,Delivered,1,0,
AWB100000042,ORD-50042,CUST-2140,Sneakers Classic,Footwear,SwiftExpress,400070,Mumbai,1859,Prepaid,24-08-2026 11:21,25-08-2026 09:18,28-08-2026,27-08-2026 18:20,Delivered,1,0,
AWB100000043,ORD-50043,CUST-2875,Vitamin C Serum,Beauty,MetroPost,700091,Kolkata,439,Prepaid,29-07-2026 19:11,30-07-2026 10:22,05-08-2026,04-08-2026 18:49,Delivered,1,0,
AWB100000044,ORD-50044,CUST-3120,Cotton Kurta Set,Apparel,MetroPost,560034,Bengaluru,1019,Prepaid,29-06-2026 19:34,30-06-2026 10:38,04-07-2026,03-07-2026 17:27,DELIVERED,1,0,
AWB100000045,ORD-50045,CUST-696,Running Tee,Apparel,MetroPost,411045,Pune,789,PREPAID,01-08-2026 21:47,02-08-2026 05:43,06-08-2026,05-08-2026 14:00,DELIVERED,1,0,
AWB100000046,ORD-50046,CUST-1371,Sneakers Classic,Footwear,Kestrel Couriers,411045,Pune,2309,Prepaid,27-06-2026 21:49,29-06-2026 05:53,02-07-2026,01-07-2026 14:33,Delivered,1,0,
AWB100000047,ORD-50047,CUST-3005,Hair Oil Combo,Beauty,RoadRunner Logistics,110017,New Delhi,539,COD,08-08-2026 23:18,09-08-2026 09:30,14-08-2026,,RTO Delivered,3,3,Out of delivery area (ODA)
AWB100000048,ORD-50048,CUST-564,Cotton Kurta Set,Apparel,RoadRunner Logistics,411045,Pune,1379,Prepaid,07-07-2026 10:24,07-07-2026 23:17,11-07-2026,11-07-2026 07:11,DELIVERED,1,0,
AWB100000049,ORD-50049,CUST-2541,Power Bank 10000,Electronics,SwiftExpress,122001,Gurugram,1429,PREPAID,13-09-2026 10:33,14-09-2026 06:08,19-09-2026,18-09-2026 14:16,Delivered,1,0,
AWB100000050,ORD-50050,CUST-3703,Bluetooth Earbuds,Electronics,RoadRunner Logistics,411045,Pune,2119,COD,22-07-2026 17:58,23-07-2026 03:10,27-07-2026,26-07-2026 14:46,DELIVERED,1,0,
AWB100000051,ORD-50051,CUST-3022,Vitamin C Serum,Beauty,Swift Express,201305,Noida,599,Prepaid,01-07-2026 14:08,02-07-2026 11:22,07-07-2026,09-07-2026 01:46,Delivered,3,2,Phone switched off
AWB100000052,ORD-50052,CUST-4169,Leather Sandals,Footwear,kestrel couriers,400070,Mumbai,1249,COD,03-07-2026 13:22,04-07-2026 22:07,07-07-2026,07-07-2026 04:39,Delivered,1,0,
AWB100000053,ORD-50053,CUST-2934,Leather Sandals,Footwear,MetroPost,500081,Hyderabad,859,cod,13-06-2026 08:25,13-06-2026 17:11,16-06-2026,,RTO Delivered,1,1,Consignee refused delivery
AWB100000054,ORD-50054,CUST-2487,Sneakers Classic,Footwear,Kestrel Couriers,226001,Lucknow,1569,COD,10-08-2026 18:15,11-08-2026 07:34,16-08-2026,16-08-2026 11:17,Delivered,2,1,Consignee not available
AWB100000055,ORD-50055,CUST-1769,Bluetooth Earbuds,Electronics,SwiftExpress,600096,Chennai,2389,COD,27-05-2026 12:25,28-05-2026 08:33,31-05-2026,30-05-2026 14:33,Delivered,1,0,
AWB100000056,ORD-50056,CUST-4102,Hair Oil Combo,Beauty,Kestrel Couriers,600096,Chennai,419,Prepaid,04-07-2026 15:04,05-07-2026 12:20,08-07-2026,07-07-2026 19:41,Delivered,1,0,
AWB100000057,ORD-50057,CUST-236,Smartwatch Pro,Electronics,swiftexpress,492001,Raipur,6459,COD,15-09-2026 20:04,16-09-2026 03:47,21-09-2026,,RTO Delivered,3,3,Door locked / customer unavailable
AWB100000058,ORD-50058,CUST-3800,Cotton Kurta Set,Apparel,ROADRUNNER LOGISTICS,226001,Lucknow,1639,Prepaid,10-09-2026 10:25,11-09-2026 05:14,17-09-2026,16-09-2026 13:26,DELIVERED,1,0,
AWB100000059,ORD-50059,CUST-1151,Hair Oil Combo,Beauty,ROADRUNNER LOGISTICS,411001,Pune,359,cod,27-06-2026 08:14,27-06-2026 14:27,30-06-2026,29-06-2026 20:32,Delivered,1,0,
AWB100000060,ORD-50060,CUST-1909,Cotton Kurta Set,Apparel,Roadrunner Logistics,201305,Noida,989,COD,23-05-2026 15:47,,,,Cancelled,0,0,
AWB100000061,ORD-50061,CUST-3572,Bedsheet Set,Home,Roadrunner Logistics,122018,Gurugram,1159,Prepaid,19-07-2026 14:19,20-07-2026 12:18,25-07-2026,24-07-2026 18:51,DELIVERED,1,0,
AWB100000062,ORD-50062,CUST-1022,Denim Jacket,Apparel,kestrel couriers,141001,Ludhiana,2129,COD,13-07-2026 13:17,15-07-2026 04:07,21-07-2026,20-07-2026 14:20,Delivered,1,0,
AWB100000063,ORD-50063,CUST-326,Hair Oil Combo,Beauty,SwiftExpress,110001,New Delhi,649,cod,16-07-2026 08:47,17-07-2026 01:46,22-07-2026,21-07-2026 12:35,Delivered,1,0,
AWB100000064,ORD-50064,CUST-2240,Leather Sandals,Footwear,kestrel couriers,110017,New Delhi,1189,COD,01-08-2026 08:53,01-08-2026 18:24,06-08-2026,06-08-2026 05:34,Delivered,1,0,
AWB100000065,ORD-50065,CUST-1139,Cotton Kurta Set,Apparel,Kestrel Couriers,562110,Bengaluru Rural,1349,COD,09-09-2026 23:17,10-09-2026 23:33,13-09-2026,,RTO Delivered,2,2,Customer not reachable on phone
AWB100000066,ORD-50066,CUST-1354,Cotton Kurta Set,Apparel,Kestrel Couriers,700091,Kolkata,1269,cod,27-07-2026 16:18,29-07-2026 04:13,04-08-2026,03-08-2026 09:40,Delivered,1,0,
AWB100000067,ORD-50067,CUST-1036,Running Tee,Apparel,Swift Express,700001,Kolkata,709,Prepaid,19-08-2026 09:28,19-08-2026 19:07,25-08-2026,25-08-2026 03:32,Delivered,1,0,
AWB100000068,ORD-50068,CUST-1160,Denim Jacket,Apparel,Metro Post,751001,Bhubaneswar,3369,,16-07-2026 19:39,17-07-2026 16:58,23-07-2026,23-07-2026 01:54,DELIVERED,1,0,
AWB100000069,ORD-50069,CUST-3369,Cotton Kurta Set,Apparel,Kestrel Couriers,201301,Noida,899,Prepaid,27-06-2026 12:45,29-06-2026 04:01,05-07-2026,04-07-2026 13:08,Delivered,1,0,
AWB100000070,ORD-50070,CUST-2118,Vitamin C Serum,Beauty,swiftexpress,226001,Lucknow,549,cod,16-07-2026 11:29,16-07-2026 23:56,21-07-2026,21-07-2026 06:17,Delivered,1,0,
AWB100000071,ORD-50071,CUST-3444,Sneakers Classic,Footwear,MetroPost,462001,Bhopal,1669,COD,27-06-2026 12:35,28-06-2026 00:28,04-07-2026,,RTO Delivered,3,3,Phone switched off
AWB100000072,ORD-50072,CUST-3458,Bedsheet Set,Home,Metro Post,302017,Jaipur,2169,PREPAID,23-05-2026 16:45,23-05-2026 22:09,28-05-2026,30-05-2026 06:51,Delivered,3,2,Delivery rescheduled on customer request
AWB100000073,ORD-50073,CUST-1075,Bedsheet Set,Home,MetroPost,160017,Chandigarh,1909,PREPAID,19-05-2026 20:30,20-05-2026 22:53,26-05-2026,26-05-2026 08:58,Delivered,1,0,
AWB100000074,ORD-50074,CUST-2615,Bluetooth Earbuds,Electronics,Swift Express,110017,New Delhi,1399,Prepaid,30-08-2026 09:21,31-08-2026 09:46,05-09-2026,04-09-2026 16:32,Delivered,1,0,
AWB100000075,ORD-50075,CUST-1427,Power Bank 10000,Electronics,SwiftExpress,560001,Bengaluru,1189,cod,23-06-2026 14:50,24-06-2026 11:34,28-06-2026,27-06-2026 23:22,Delivered,1,0,
AWB100000076,ORD-50076,CUST-1900,Bedsheet Set,Home,swiftexpress,560102,Bengaluru,1069,COD,26-05-2026 13:16,27-05-2026 05:53,30-05-2026,29-05-2026 11:10,Delivered,1,0,
AWB100000077,ORD-50077,CUST-549,Vitamin C Serum,Beauty,kestrel couriers,395003,Surat,539,COD,06-07-2026 10:10,,,,Cancelled,0,0,
AWB100000078,ORD-50078,CUST-1810,Vitamin C Serum,Beauty,Metro Post,700019,Kolkata,549,PREPAID,11-09-2026 11:13,12-09-2026 00:10,18-09-2026,17-09-2026 06:44,Delivered,1,0,
AWB100000079,ORD-50079,CUST-2702,Hair Oil Combo,Beauty,Kestrel Couriers,110001,New Delhi,579,COD,07-08-2026 09:59,,,,Cancelled,0,0,
AWB100000080,ORD-50080,CUST-1870,Bluetooth Earbuds,Electronics,MetroPost,110045,New Delhi,1779,COD,08-09-2026 10:17,09-09-2026 05:05,14-09-2026,,RTO Delivered,3,3,Consignee refused delivery
AWB100000081,ORD-50081,CUST-4184,Cotton Kurta Set,Apparel,swiftexpress,600001,Chennai,1569,Prepaid,10-09-2026 22:35,11-09-2026 03:39,14-09-2026,,RTO Delivered,1,1,Customer refused to accept
AWB100000082,ORD-50082,CUST-2134,Smartwatch Pro,Electronics,SwiftExpress,400001,Mumbai,7669,COD,10-09-2026 09:50,10-09-2026 17:57,14-09-2026,14-09-2026 05:54,Delivered,1,0,
AWB100000083,ORD-50083,CUST-790,Sneakers Classic,Footwear,Roadrunner Logistics,380001,Ahmedabad,2279,Prepaid,19-07-2026 13:41,20-07-2026 12:02,24-07-2026,23-07-2026 22:22,Delivered,1,0,
AWB100000084,ORD-50084,CUST-2509,Cotton Kurta Set,Apparel,RoadRunner Logistics,500032,Hyderabad,1469,PREPAID,07-08-2026 08:26,07-08-2026 17:15,11-08-2026,11-08-2026 02:30,Delivered,1,0,
AWB100000085,ORD-50085,CUST-3601,Running Tee,Apparel,RoadRunner Logistics,411045,Pune,749,Prepaid,04-08-2026 21:39,05-08-2026 07:15,09-08-2026,08-08-2026 13:47,Delivered,1,0,
AWB100000086,ORD-50086,CUST-1818,Vitamin C Serum,Beauty,RoadRunner Logistics,,Hyderabad,679,PREPAID,26-08-2026 08:22,27-08-2026 00:02,30-08-2026,29-08-2026 06:43,Delivered,1,0,
AWB100000087,ORD-50087,CUST-2209,Bluetooth Earbuds,Electronics,Roadrunner Logistics,562130,Bengaluru Rural,1949,COD,15-06-2026 17:02,16-06-2026 06:57,19-06-2026,18-06-2026 15:54,Delivered,1,0,
AWB100000088,ORD-50088,CUST-3019,Vitamin C Serum,Beauty,MetroPost,500032,Hyderabad,409,PREPAID,23-05-2026 20:28,24-05-2026 04:54,28-05-2026,27-05-2026 13:52,Delivered,1,0,
AWB100000089,ORD-50089,CUST-2295,Denim Jacket,Apparel,Roadrunner Logistics,462001,Bhopal,2529,Prepaid,16-06-2026 16:47,17-06-2026 02:25,22-06-2026,22-06-2026 07:45,Delivered,2,1,No response on call
AWB100000090,ORD-50090,CUST-4144,Ceramic Mug Set,Home,RoadRunner Logistics,302017,Jaipur,909,COD,09-08-2026 20:07,10-08-2026 06:02,16-08-2026,17-08-2026 18:51,Delivered,3,2,Consignee not available
AWB100000091,ORD-50091,CUST-367,Hair Oil Combo,Beauty,Roadrunner Logistics,462001,Bhopal,469,cod,18-08-2026 17:45,19-08-2026 16:10,25-08-2026,25-08-2026 02:09,Delivered,1,0,
AWB100000092,ORD-50092,CUST-579,Ceramic Mug Set,Home,RoadRunner Logistics,,Hyderabad,609,PREPAID,13-07-2026 18:58,14-07-2026 13:10,18-07-2026,,Returned to Origin,1,1,Customer refused to accept
AWB100000093,ORD-50093,CUST-1312,Power Bank 10000,Electronics,ROADRUNNER LOGISTICS,122018,Gurugram,1399,cod,07-09-2026 11:00,07-09-2026 16:39,13-09-2026,12-09-2026 23:43,Delivered,1,0,
AWB100000094,ORD-50094,CUST-2916,Bedsheet Set,Home,Kestrel Couriers,700019,Kolkata,1839,Prepaid,05-07-2026 19:17,07-07-2026 05:22,12-07-2026,11-07-2026 14:39,Delivered,1,0,
AWB100000095,ORD-50095,CUST-3879,Power Bank 10000,Electronics,SwiftExpress,462001,Bhopal,1429,cod,05-09-2026 20:40,06-09-2026 10:57,11-09-2026,10-09-2026 17:20,DELIVERED,1,0,
AWB100000096,ORD-50096,CUST-2816,Ceramic Mug Set,Home,RoadRunner Logistics,600042,Chennai,949,COD,22-05-2026 17:53,23-05-2026 07:54,27-05-2026,27-05-2026 14:10,Delivered,2,1,Address not found
AWB100000097,ORD-50097,CUST-1248,Sneakers Classic,Footwear,Kestrel Couriers,400092,Mumbai,2169,PREPAID,03-08-2026 16:16,05-08-2026 05:52,09-08-2026,,RTO Delivered,2,2,Phone switched off
AWB100000098,ORD-50098,CUST-336,Cotton Kurta Set,Apparel,swiftexpress,380015,Ahmedabad,1429,COD,22-06-2026 14:31,23-06-2026 15:06,27-06-2026,27-06-2026 00:16,Delivered,1,0,
AWB100000099,ORD-50099,CUST-2850,Cotton Kurta Set,Apparel,SwiftExpress,500001,Hyderabad,979,cod,30-05-2026 08:02,30-05-2026 12:50,03-06-2026,,RTO Delivered,1,1,Customer refused to accept
AWB100000100,ORD-50100,CUST-3024,Ceramic Mug Set,Home,kestrel couriers,411045,Pune,509,COD,09-08-2026 20:34,10-08-2026 23:37,14-08-2026,14-08-2026 08:04,Delivered,1,0,
AWB100000101,ORD-50101,CUST-2958,Cotton Kurta Set,Apparel,Metro Post,411045,Pune,1539,Prepaid,08-06-2026 18:25,09-06-2026 08:22,13-06-2026,,RTO Delivered,1,1,Consignee not available
AWB100000102,ORD-50102,CUST-3027,Denim Jacket,Apparel,SwiftExpress,781001,Guwahati,3419,COD,13-06-2026 21:41,14-06-2026 19:39,20-06-2026,20-06-2026 03:28,Delivered,1,0,
AWB100000103,ORD-50103,CUST-1408,Sneakers Classic,Footwear,MetroPost,562149,Bengaluru Rural,2799,COD,27-08-2026 13:59,27-08-2026 23:30,31-08-2026,31-08-2026 02:43,Delivered,1,0,
AWB100000104,ORD-50104,CUST-2213,Smartwatch Pro,Electronics,SwiftExpress,122001,Gurugram,4849,COD,10-07-2026 11:51,11-07-2026 05:17,17-07-2026,16-07-2026 12:02,Delivered,1,0,
AWB100000105,ORD-50105,CUST-1563,Cotton Kurta Set,Apparel,SwiftExpress,226001,Lucknow,1689,COD,24-06-2026 16:14,25-06-2026 04:13,30-06-2026,29-06-2026 09:38,Delivered,1,0,
AWB100000106,ORD-50106,CUST-754,Denim Jacket,Apparel,Kestrel Couriers,492001,Raipur,3419,Prepaid,30-05-2026 13:12,01-06-2026 01:59,06-06-2026,05-06-2026 10:57,Delivered,1,0,
AWB100000107,ORD-50107,CUST-2148,Ceramic Mug Set,Home,MetroPost,641001,Coimbatore,799,cod,05-08-2026 21:21,06-08-2026 07:54,10-08-2026,,Returned to Origin,3,3,Consignee not available
AWB100000108,ORD-50108,CUST-741,Sneakers Classic,Footwear,kestrel couriers,400001,Mumbai,2319,COD,01-06-2026 18:12,02-06-2026 00:41,06-06-2026,06-06-2026 15:38,Delivered,2,1,Phone switched off
AWB100000109,ORD-50109,CUST-3780,Bedsheet Set,Home,Swift Express,562149,Bengaluru Rural,1529,,03-08-2026 17:40,04-08-2026 04:31,07-08-2026,,RTO Delivered,1,1,Incomplete address
AWB100000110,ORD-50110,CUST-466,Vitamin C Serum,Beauty,Kestrel Couriers,380015,Ahmedabad,719,COD,16-06-2026 12:07,17-06-2026 23:01,20-06-2026,20-06-2026 09:58,Delivered,1,0,
AWB100000111,ORD-50111,CUST-2154,Denim Jacket,Apparel,Kestrel Couriers,201301,Noida,2829,Prepaid,13-09-2026 13:33,14-09-2026 11:18,20-09-2026,19-09-2026 16:57,Delivered,1,0,
AWB100000112,ORD-50112,CUST-3225,Cotton Kurta Set,Apparel,MetroPost,562130,Bengaluru Rural,1119,COD,16-07-2026 12:37,16-07-2026 19:06,19-07-2026,19-07-2026 03:50,Delivered,1,0,
AWB100000113,ORD-50113,CUST-1524,Running Tee,Apparel,Roadrunner Logistics,700091,Kolkata,539,Prepaid,14-06-2026 20:12,15-06-2026 02:55,20-06-2026,19-06-2026 12:39,Delivered,1,0,
AWB100000114,ORD-50114,CUST-424,Bedsheet Set,Home,Kestrel Couriers,600042,Chennai,1009,Prepaid,29-07-2026 18:15,30-07-2026 21:48,03-08-2026,03-08-2026 05:15,Delivered,1,0,
AWB100000115,ORD-50115,CUST-2274,Bedsheet Set,Home,SwiftExpress,562130,Bengaluru Rural,2159,COD,05-06-2026 12:32,05-06-2026 16:52,09-06-2026,09-06-2026 01:42,Delivered,1,0,
AWB100000116,ORD-50116,CUST-2156,Denim Jacket,Apparel,ROADRUNNER LOGISTICS,500032,Hyderabad,3099,COD,03-06-2026 17:38,04-06-2026 13:13,07-06-2026,06-06-2026 20:56,DELIVERED,1,0,
AWB100000117,ORD-50117,CUST-3429,Power Bank 10000,Electronics,ROADRUNNER LOGISTICS,700019,Kolkata,1359,Prepaid,08-08-2026 09:44,08-08-2026 22:02,14-08-2026,14-08-2026 04:18,Delivered,1,0,
AWB100000118,ORD-50118,CUST-1842,Bedsheet Set,Home,RoadRunner Logistics,500001,Hyderabad,1309,PREPAID,21-07-2026 14:30,22-07-2026 00:42,26-07-2026,25-07-2026 07:15,DELIVERED,1,0,
AWB100000119,ORD-50119,CUST-4182,Ceramic Mug Set,Home,swiftexpress,700001,Kolkata,919,COD,07-06-2026 18:08,08-06-2026 20:39,13-06-2026,13-06-2026 03:57,Delivered,1,0,
AWB100000120,ORD-50120,CUST-1744,Running Tee,Apparel,MetroPost,562114,Bengaluru Rural,799,cod,07-07-2026 22:50,08-07-2026 11:49,11-07-2026,10-07-2026 19:48,Delivered,1,0,
AWB100000121,ORD-50121,CUST-68,Hair Oil Combo,Beauty,Swift Express,380015,Ahmedabad,359,Prepaid,30-08-2026 14:40,31-08-2026 13:38,03-09-2026,02-09-2026 21:49,Delivered,1,0,
AWB100000122,ORD-50122,CUST-2179,Power Bank 10000,Electronics,Kestrel Couriers,302017,Jaipur,959,COD,28-07-2026 10:18,28-07-2026 16:29,02-08-2026,,Lost,0,0,
AWB100000123,ORD-50123,CUST-3390,Sneakers Classic,Footwear,Roadrunner Logistics,400001,Mumbai,1999,Prepaid,09-08-2026 21:53,10-08-2026 11:52,13-08-2026,13-08-2026 00:19,Delivered,1,0,
AWB100000124,ORD-50124,CUST-2427,Sneakers Classic,Footwear,Roadrunner Logistics,562114,Bengaluru Rural,2029,cod,28-08-2026 08:43,29-08-2026 11:44,02-09-2026,,Returned to Origin,1,1,Customer not reachable on phone
AWB100000125,ORD-50125,CUST-2525,Ceramic Mug Set,Home,MetroPost,110045,New Delhi,659,PREPAID,22-05-2026 13:56,23-05-2026 00:51,29-05-2026,28-05-2026 11:10,Delivered,1,0,
AWB100000126,ORD-50126,CUST-3068,Bluetooth Earbuds,Electronics,kestrel couriers,395003,Surat,2469,cod,10-06-2026 22:43,12-06-2026 00:27,15-06-2026,15-06-2026 11:05,Delivered,2,1,Customer requested reschedule
AWB100000127,ORD-50127,CUST-3436,Denim Jacket,Apparel,Kestrel Couriers,562114,Bengaluru Rural,2219,Prepaid,15-07-2026 10:39,16-07-2026 01:44,19-07-2026,18-07-2026 10:11,Delivered,1,0,
AWB100000128,ORD-50128,CUST-1151,Power Bank 10000,Electronics,RoadRunner Logistics,201305,Noida,1059,COD,17-07-2026 13:56,17-07-2026 18:10,22-07-2026,,Returned to Origin,2,2,Address not found
AWB100000129,ORD-50129,CUST-28,Cotton Kurta Set,Apparel,SwiftExpress,641001,Coimbatore,1669,PREPAID,27-07-2026 16:58,28-07-2026 08:02,01-08-2026,31-07-2026 16:04,Delivered,1,0,
AWB100000130,ORD-50130,CUST-1026,Running Tee,Apparel,Metro Post,600001,Chennai,639,Prepaid,10-07-2026 08:26,10-07-2026 20:21,13-07-2026,13-07-2026 00:56,DELIVERED,1,0,
AWB100000131,ORD-50131,CUST-1262,Hair Oil Combo,Beauty,kestrel couriers,141001,Ludhiana,529,PREPAID,15-09-2026 08:31,15-09-2026 19:50,20-09-2026,20-09-2026 01:10,Delivered,1,0,
AWB100000132,ORD-50132,CUST-3759,Vitamin C Serum,Beauty,RoadRunner Logistics,440010,Nagpur,779,COD,22-05-2026 17:28,23-05-2026 14:52,26-05-2026,25-05-2026 21:09,Delivered,1,0,
AWB100000133,ORD-50133,CUST-3454,Vitamin C Serum,Beauty,Kestrel Couriers,641001,Coimbatore,779,COD,28-06-2026 14:09,29-06-2026 20:18,03-07-2026,03-07-2026 09:11,Delivered,1,0,
AWB100000134,ORD-50134,CUST-510,Power Bank 10000,Electronics,MetroPost,800001,Patna,1199,PREPAID,01-06-2026 10:25,02-06-2026 03:54,08-06-2026,08-06-2026 08:36,Delivered,2,1,No response on call
AWB100000135,ORD-50135,CUST-2210,Running Tee,Apparel,Kestrel Couriers,700019,Kolkata,889,COD,12-06-2026 14:06,13-06-2026 21:31,18-06-2026,19-06-2026 08:51,DELIVERED,2,1,Customer not available at address
AWB100000136,ORD-50136,CUST-489,Hair Oil Combo,Beauty,RoadRunner Logistics,560102,Bengaluru,399,COD,25-05-2026 09:09,25-05-2026 14:50,28-05-2026,28-05-2026 00:54,Delivered,1,0,
AWB100000137,ORD-50137,CUST-4133,Vitamin C Serum,Beauty,Swift Express,500001,Hyderabad,549,Prepaid,30-05-2026 09:46,30-05-2026 21:48,03-06-2026,03-06-2026 10:35,Delivered,1,0,
AWB100000138,ORD-50138,CUST-575,Running Tee,Apparel,MetroPost,380015,Ahmedabad,659,cod,27-08-2026 16:32,27-08-2026 21:20,31-08-2026,31-08-2026 09:09,Delivered,1,0,
AWB100000139,ORD-50139,CUST-2769,Denim Jacket,Apparel,Kestrel Couriers,380015,Ahmedabad,2719,COD,27-05-2026 23:05,28-05-2026 16:18,01-06-2026,01-06-2026 03:00,Delivered,1,0,
AWB100000140,ORD-50140,CUST-2788,Ceramic Mug Set,Home,MetroPost,400001,Mumbai,709,Prepaid,19-08-2026 09:19,20-08-2026 00:04,24-08-2026,23-08-2026 12:08,Delivered,1,0,
AWB100000141,ORD-50141,CUST-1317,Cotton Kurta Set,Apparel,SwiftExpress,226010,Lucknow,1059,COD,09-06-2026 14:17,10-06-2026 09:30,15-06-2026,14-06-2026 21:14,Delivered,1,0,
AWB100000142,ORD-50142,CUST-606,Smartwatch Pro,Electronics,swiftexpress,682001,Kochi,8209,Prepaid,29-08-2026 13:09,30-08-2026 04:00,03-09-2026,03-09-2026 13:06,Delivered,2,1,Door locked / customer unavailable
AWB100000143,ORD-50143,CUST-1014,Leather Sandals,Footwear,SwiftExpress,562110,Bengaluru Rural,1239,COD,11-07-2026 14:39,12-07-2026 01:45,15-07-2026,14-07-2026 11:35,DELIVERED,1,0,
AWB100000144,ORD-50144,CUST-104,Bedsheet Set,Home,Kestrel Couriers,560001,Bengaluru,2109,Prepaid,28-07-2026 12:45,29-07-2026 04:06,02-08-2026,01-08-2026 16:38,Delivered,1,0,
AWB100000145,ORD-50145,CUST-3979,Ceramic Mug Set,Home,MetroPost,110045,New Delhi,739,PREPAID,19-08-2026 10:13,20-08-2026 02:23,26-08-2026,25-08-2026 12:54,DELIVERED,1,0,
AWB100000146,ORD-50146,CUST-2229,Ceramic Mug Set,Home,SwiftExpress,411001,Pune,699,Prepaid,27-07-2026 18:24,28-07-2026 21:14,01-08-2026,,RTO Delivered,3,3,Order not required / changed mind
AWB100000147,ORD-50147,CUST-2228,Leather Sandals,Footwear,ROADRUNNER LOGISTICS,700001,Kolkata,1099,COD,03-09-2026 21:37,04-09-2026 14:09,09-09-2026,09-09-2026 00:10,Delivered,1,0,
AWB100000148,ORD-50148,CUST-1379,Denim Jacket,Apparel,RoadRunner Logistics,751001,Bhubaneswar,3429,cod,20-05-2026 13:33,20-05-2026 22:22,25-05-2026,25-05-2026 07:40,Delivered,1,0,
AWB100000149,ORD-50149,CUST-3948,Running Tee,Apparel,MetroPost,562149,Bengaluru Rural,819,cod,05-08-2026 08:39,05-08-2026 20:13,09-08-2026,09-08-2026 00:23,DELIVERED,1,0,
AWB100000150,ORD-50150,CUST-482,Sneakers Classic,Footwear,MetroPost,411001,Pune,2429,cod,09-09-2026 08:29,10-09-2026 04:11,14-09-2026,13-09-2026 10:30,Delivered,1,0,
AWB100000151,ORD-50151,CUST-3440,Running Tee,Apparel,MetroPost,500081,Hyderabad,649,cod,30-07-2026 13:10,31-07-2026 01:41,03-08-2026,02-08-2026 09:34,DELIVERED,1,0,
AWB100000152,ORD-50152,CUST-1144,Bedsheet Set,Home,Roadrunner Logistics,160017,Chandigarh,1949,Prepaid,24-08-2026 08:48,25-08-2026 11:53,31-08-2026,30-08-2026 20:06,Delivered,1,0,
AWB100000153,ORD-50153,CUST-801,Sneakers Classic,Footwear,RoadRunner Logistics,201305,Noida,2959,COD,17-08-2026 09:10,18-08-2026 01:33,24-08-2026,23-08-2026 11:39,Delivered,1,0,
AWB100000154,ORD-50154,CUST-485,Cotton Kurta Set,Apparel,swiftexpress,400053,Mumbai,1569,Prepaid,18-07-2026 14:22,19-07-2026 15:42,23-07-2026,22-07-2026 23:25,DELIVERED,1,0,
AWB100000155,ORD-50155,CUST-2483,Ceramic Mug Set,Home,Roadrunner Logistics,122001,Gurugram,-499,COD,22-07-2026 15:22,23-07-2026 02:15,28-07-2026,27-07-2026 08:12,DELIVERED,1,0,
AWB100000156,ORD-50156,CUST-1598,Vitamin C Serum,Beauty,,400070,Mumbai,729,COD,31-08-2026 23:28,01-09-2026 22:20,04-09-2026,04-09-2026 07:11,Delivered,1,0,
AWB100000157,ORD-50157,CUST-1369,Cotton Kurta Set,Apparel,Roadrunner Logistics,411045,Pune,1289,COD,15-09-2026 15:34,16-09-2026 07:12,20-09-2026,19-09-2026 13:11,Delivered,1,0,
AWB100000158,ORD-50158,CUST-2830,Cotton Kurta Set,Apparel,MetroPost,226010,Lucknow,1129,Prepaid,26-05-2026 23:29,27-05-2026 05:43,02-06-2026,02-06-2026 12:43,Delivered,2,1,Consignee not available
AWB100000159,ORD-50159,CUST-1616,Running Tee,Apparel,MetroPost,500032,Hyderabad,769,Prepaid,22-05-2026 14:14,23-05-2026 15:36,26-05-2026,25-05-2026 22:52,Delivered,1,0,
AWB100000160,ORD-50160,CUST-1079,Power Bank 10000,Electronics,SwiftExpress,751001,Bhubaneswar,1199,Prepaid,20-07-2026 12:32,21-07-2026 00:00,26-07-2026,25-07-2026 10:02,Delivered,1,0,
AWB100000161,ORD-50161,CUST-2860,Bedsheet Set,Home,SwiftExpress,700091,Kolkata,1219,COD,25-07-2026 10:32,25-07-2026 23:11,31-07-2026,31-07-2026 12:00,Delivered,1,0,
AWB100000162,ORD-50162,CUST-3108,Sneakers Classic,Footwear,Kestrel Couriers,110045,New Delhi,2839,cod,05-06-2026 11:28,06-06-2026 15:24,11-06-2026,11-06-2026 00:21,Delivered,1,0,
AWB100000163,ORD-50163,CUST-3858,Bedsheet Set,Home,kestrel couriers,400070,Mumbai,1189,COD,19-07-2026 18:36,21-07-2026 07:24,24-07-2026,23-07-2026 13:00,Delivered,1,0,
AWB100000164,ORD-50164,CUST-3000,Leather Sandals,Footwear,SwiftExpress,,Bengaluru,1369,COD,20-06-2026 09:54,20-06-2026 18:36,24-06-2026,24-06-2026 02:28,Delivered,1,0,
AWB100000165,ORD-50165,CUST-2173,Vitamin C Serum,Beauty,swiftexpress,800001,Patna,539,COD,06-06-2026 19:14,07-06-2026 20:47,13-06-2026,13-06-2026 04:00,Delivered,1,0,
AWB100000166,ORD-50166,CUST-3133,Vitamin C Serum,Beauty,RoadRunner Logistics,141001,Ludhiana,639,Prepaid,06-09-2026 09:50,06-09-2026 18:27,11-09-2026,11-09-2026 04:17,Delivered,1,0,
AWB100000167,ORD-50167,CUST-2381,Cotton Kurta Set,Apparel,Kestrel Couriers,110045,New Delhi,1079,cod,25-07-2026 11:06,26-07-2026 18:06,31-07-2026,31-07-2026 05:36,Delivered,1,0,
AWB100000168,ORD-50168,CUST-3873,Running Tee,Apparel,Roadrunner Logistics,400053,Mumbai,889,Prepaid,28-07-2026 16:41,29-07-2026 03:51,01-08-2026,01-08-2026 17:04,DELIVERED,2,1,Delivery rescheduled on customer request
AWB100000169,ORD-50169,CUST-444,Power Bank 10000,Electronics,Roadrunner Logistics,560068,Bengaluru,1479,Prepaid,07-06-2026 14:48,08-06-2026 08:10,11-06-2026,10-06-2026 13:49,Delivered,1,0,
AWB100000170,ORD-50170,CUST-2233,Running Tee,Apparel,Kestrel Couriers,395003,Surat,579,Prepaid,12-07-2026 22:14,14-07-2026 01:49,18-07-2026,17-07-2026 12:28,Delivered,1,0,
AWB100000171,ORD-50171,CUST-4142,Cotton Kurta Set,Apparel,Metro Post,700001,Kolkata,1449,cod,12-09-2026 17:38,13-09-2026 20:28,19-09-2026,19-09-2026 05:35,Delivered,1,0,
AWB100000172,ORD-50172,CUST-438,Cotton Kurta Set,Apparel,ROADRUNNER LOGISTICS,110045,New Delhi,1519,PREPAID,23-05-2026 22:45,24-05-2026 21:41,30-05-2026,30-05-2026 07:49,Delivered,1,0,
AWB100000173,ORD-50173,CUST-4036,Sneakers Classic,Footwear,SwiftExpress,600042,Chennai,2489,COD,06-08-2026 14:13,07-08-2026 05:04,11-08-2026,,RTO Delivered,2,2,Consignee not available
AWB100000174,ORD-50174,CUST-2716,Bluetooth Earbuds,Electronics,MetroPost,226010,Lucknow,1979,Prepaid,11-07-2026 12:15,12-07-2026 09:06,17-07-2026,16-07-2026 16:15,Delivered,1,0,
AWB100000175,ORD-50175,CUST-2093,Leather Sandals,Footwear,RoadRunner Logistics,110001,New Delhi,1269,Prepaid,10-09-2026 18:19,11-09-2026 03:58,17-09-2026,16-09-2026 12:50,Delivered,1,0,
AWB100000176,ORD-50176,CUST-669,Denim Jacket,Apparel,ROADRUNNER LOGISTICS,201305,Noida,2069,cod,17-07-2026 22:56,19-07-2026 00:06,25-07-2026,,Returned to Origin,3,3,Delivery agent could not attempt
AWB100000177,ORD-50177,CUST-739,Power Bank 10000,Electronics,MetroPost,834001,Ranchi,1159,Prepaid,11-06-2026 21:50,13-06-2026 01:29,19-06-2026,18-06-2026 12:12,DELIVERED,1,0,
AWB100000178,ORD-50178,CUST-4146,Running Tee,Apparel,Kestrel Couriers,560001,Bengaluru,829,Prepaid,17-06-2026 12:31,18-06-2026 10:00,22-06-2026,21-06-2026 20:18,Delivered,1,0,
AWB100000179,ORD-50179,CUST-1106,Leather Sandals,Footwear,RoadRunner Logistics,492001,Raipur,889,PREPAID,12-07-2026 15:24,13-07-2026 17:15,18-07-2026,18-07-2026 03:30,DELIVERED,1,0,
AWB100000180,ORD-50180,CUST-2610,Denim Jacket,Apparel,SwiftExpress,700019,Kolkata,2759,COD,18-06-2026 13:29,19-06-2026 03:49,25-06-2026,24-06-2026 11:45,Delivered,1,0,
AWB100000181,ORD-50181,CUST-1882,Denim Jacket,Apparel,MetroPost,411045,Pune,3169,COD,31-07-2026 20:17,01-08-2026 13:05,05-08-2026,04-08-2026 17:36,DELIVERED,1,0,
AWB100000182,ORD-50182,CUST-696,Sneakers Classic,Footwear,ROADRUNNER LOGISTICS,400092,Mumbai,2269,COD,25-08-2026 08:44,25-08-2026 22:39,28-08-2026,28-08-2026 07:01,Delivered,1,0,
AWB100000183,ORD-50183,CUST-2651,Hair Oil Combo,Beauty,MetroPost,560068,Bengaluru,439,PREPAID,19-08-2026 18:19,20-08-2026 12:24,24-08-2026,23-08-2026 19:47,Delivered,1,0,
AWB100000184,ORD-50184,CUST-3994,Running Tee,Apparel,SwiftExpress,411045,Pune,689,PREPAID,31-07-2026 13:23,01-08-2026 01:08,05-08-2026,04-08-2026 10:27,Delivered,1,0,
AWB100000185,ORD-50185,CUST-3124,Sneakers Classic,Footwear,RoadRunner Logistics,201301,Noida,2029,COD,20-07-2026 08:55,21-07-2026 06:11,26-07-2026,25-07-2026 15:53,Delivered,1,0,
AWB100000186,ORD-50186,CUST-2116,Vitamin C Serum,Beauty,RoadRunner Logistics,560102,Bengaluru,399,COD,23-06-2026 22:30,25-06-2026 00:35,29-06-2026,28-06-2026 10:28,Delivered,1,0,
AWB100000187,ORD-50187,CUST-1188,Leather Sandals,Footwear,MetroPost,700019,Kolkata,1059,PREPAID,08-07-2026 08:32,08-07-2026 17:08,14-07-2026,14-07-2026 05:14,Delivered,1,0,
AWB100000188,ORD-50188,CUST-212,Vitamin C Serum,Beauty,swiftexpress,380015,Ahmedabad,759,cod,15-08-2026 13:01,16-08-2026 14:01,19-08-2026,,RTO Delivered,1,1,Order not required / changed mind
AWB100000189,ORD-50189,CUST-3540,Hair Oil Combo,Beauty,swiftexpress,122018,Gurugram,509,Prepaid,31-08-2026 22:20,01-09-2026 04:21,06-09-2026,05-09-2026 16:03,Delivered,1,0,
AWB100000190,ORD-50190,CUST-2209,Cotton Kurta Set,Apparel,Kestrel Couriers,110001,New Delhi,1639,COD,15-08-2026 19:22,16-08-2026 17:12,22-08-2026,22-08-2026 03:40,Delivered,1,0,
AWB100000191,ORD-50191,CUST-3183,Cotton Kurta Set,Apparel,MetroPost,600001,Chennai,1699,,18-07-2026 16:39,19-07-2026 11:17,22-07-2026,21-07-2026 23:47,Delivered,1,0,
AWB100000192,ORD-50192,CUST-4176,Leather Sandals,Footwear,kestrel couriers,110017,New Delhi,1389,cod,20-07-2026 13:36,21-07-2026 03:04,27-07-2026,26-07-2026 12:56,Delivered,1,0,
AWB100000193,ORD-50193,CUST-194,Running Tee,Apparel,RoadRunner Logistics,302001,Jaipur,799,PREPAID,07-09-2026 17:55,08-09-2026 19:18,14-09-2026,14-09-2026 06:24,Delivered,1,0,
AWB100000194,ORD-50194,CUST-3753,Bedsheet Set,Home,swiftexpress,600096,Chennai,1069,PREPAID,16-06-2026 13:56,17-06-2026 10:47,21-06-2026,20-06-2026 19:56,Delivered,1,0,
AWB100000195,ORD-50195,CUST-1025,Power Bank 10000,Electronics,RoadRunner Logistics,440010,Nagpur,1309,cod,27-08-2026 12:59,28-08-2026 08:50,31-08-2026,,Returned to Origin,2,2,Phone switched off
AWB100000196,ORD-50196,CUST-3428,Running Tee,Apparel,Swift Express,600096,Chennai,649,COD,24-08-2026 22:53,25-08-2026 10:49,29-08-2026,28-08-2026 16:52,Delivered,1,0,
AWB100000197,ORD-50197,CUST-1090,Power Bank 10000,Electronics,Metro Post,700019,Kolkata,1139,COD,21-06-2026 09:02,21-06-2026 23:47,26-06-2026,26-06-2026 08:48,DELIVERED,1,0,
AWB100000198,ORD-50198,CUST-430,Vitamin C Serum,Beauty,swiftexpress,201305,Noida,639,cod,26-06-2026 23:02,27-06-2026 09:50,02-07-2026,02-07-2026 19:15,Delivered,2,1,Customer not reachable on phone
AWB100000199,ORD-50199,CUST-2306,Hair Oil Combo,Beauty,swiftexpress,411045,Pune,409,COD,08-09-2026 20:38,09-09-2026 14:32,13-09-2026,12-09-2026 20:21,Delivered,1,0,
AWB100000200,ORD-50200,CUST-1804,Ceramic Mug Set,Home,swiftexpress,400092,Mumbai,559,COD,30-08-2026 15:42,31-08-2026 02:07,03-09-2026,,Lost,0,0,
AWB100000201,ORD-50201,CUST-63,Smartwatch Pro,Electronics,SwiftExpress,560034,Bengaluru,6699,COD,24-06-2026 10:53,24-06-2026 21:24,27-06-2026,27-06-2026 07:00,Delivered,1,0,
AWB100000202,ORD-50202,CUST-1875,Running Tee,Apparel,SwiftExpress,226001,Lucknow,669,COD,31-05-2026 10:48,01-06-2026 05:12,06-06-2026,06-06-2026 10:06,DELIVERED,2,1,Customer not available at address
AWB100000203,ORD-50203,CUST-1983,Denim Jacket,Apparel,,380001,Ahmedabad,2829,COD,31-08-2026 09:03,01-09-2026 09:15,05-09-2026,04-09-2026 17:52,Delivered,1,0,
AWB100000204,ORD-50204,CUST-269,Power Bank 10000,Electronics,ROADRUNNER LOGISTICS,380015,Ahmedabad,1109,Prepaid,20-07-2026 22:00,21-07-2026 06:17,25-07-2026,24-07-2026 18:02,DELIVERED,1,0,
AWB100000205,ORD-50205,CUST-2010,Cotton Kurta Set,Apparel,MetroPost,395003,Surat,1439,Prepaid,31-05-2026 13:53,01-06-2026 09:05,04-06-2026,04-06-2026 17:21,DELIVERED,2,1,No response on call
AWB100000206,ORD-50206,CUST-324,Hair Oil Combo,Beauty,SwiftExpress,700001,Kolkata,369,PREPAID,04-08-2026 14:35,04-08-2026 21:47,09-08-2026,09-08-2026 03:10,Delivered,1,0,
AWB100000207,ORD-50207,CUST-727,Hair Oil Combo,Beauty,swiftexpress,,Jaipur,429,COD,24-07-2026 21:49,25-07-2026 23:44,30-07-2026,30-07-2026 08:31,Delivered,1,0,
AWB100000208,ORD-50208,CUST-3028,Denim Jacket,Apparel,Kestrel Couriers,380015,Ahmedabad,3179,Prepaid,12-09-2026 18:37,14-09-2026 00:42,17-09-2026,16-09-2026 07:17,Delivered,1,0,
AWB100000209,ORD-50209,CUST-644,Bedsheet Set,Home,Swift Express,500081,Hyderabad,1719,Prepaid,12-08-2026 16:34,13-08-2026 17:36,17-08-2026,,Returned to Origin,3,3,Customer not available at address
AWB100000210,ORD-50210,CUST-794,Bedsheet Set,Home,Roadrunner Logistics,700001,Kolkata,1379,cod,12-08-2026 18:11,13-08-2026 06:07,19-08-2026,19-08-2026 11:49,Delivered,2,1,Customer not available at address
AWB100000211,ORD-50211,CUST-3691,Running Tee,Apparel,Roadrunner Logistics,462001,Bhopal,859,COD,14-09-2026 14:47,14-09-2026 23:40,20-09-2026,21-09-2026 07:23,DELIVERED,2,1,Phone switched off
AWB100000212,ORD-50212,CUST-356,Denim Jacket,Apparel,SwiftExpress,462001,Bhopal,2759,COD,26-06-2026 14:37,27-06-2026 08:16,02-07-2026,,RTO Delivered,3,3,Customer not reachable on phone
AWB100000213,ORD-50213,CUST-1266,Bluetooth Earbuds,Electronics,swiftexpress,500081,Hyderabad,2459,cod,13-06-2026 14:01,14-06-2026 16:04,18-06-2026,18-06-2026 21:43,DELIVERED,2,1,Consignee not available
AWB100000214,ORD-50214,CUST-2267,Bluetooth Earbuds,Electronics,Kestrel Couriers,560102,Bengaluru,1739,COD,20-08-2026 19:25,21-08-2026 11:35,25-08-2026,24-08-2026 19:41,DELIVERED,1,0,
AWB100000215,ORD-50215,CUST-507,Bedsheet Set,Home,SwiftExpress,562114,Bengaluru Rural,1999,COD,20-08-2026 15:03,21-08-2026 09:33,25-08-2026,,Returned to Origin,2,2,Consignee not available
AWB100000216,ORD-50216,CUST-32,Cotton Kurta Set,Apparel,Metro Post,380015,Ahmedabad,909,COD,06-07-2026 22:12,07-07-2026 14:00,11-07-2026,12-07-2026 22:52,Delivered,3,2,Customer not available at address
AWB100000217,ORD-50217,CUST-1406,Sneakers Classic,Footwear,RoadRunner Logistics,400001,Mumbai,2819,COD,26-08-2026 20:41,27-08-2026 08:14,30-08-2026,29-08-2026 17:37,Delivered,1,0,
AWB100000218,ORD-50218,CUST-3366,Vitamin C Serum,Beauty,Swift Express,800001,Patna,749,Prepaid,13-06-2026 12:45,,,,Cancelled,0,0,
AWB100000219,ORD-50219,CUST-758,Cotton Kurta Set,Apparel,Kestrel Couriers,302017,Jaipur,1269,COD,03-08-2026 22:14,05-08-2026 12:59,10-08-2026,,RTO Delivered,3,3,Customer requested reschedule
AWB100000220,ORD-50220,CUST-2210,Leather Sandals,Footwear,kestrel couriers,226010,Lucknow,1269,cod,13-08-2026 10:38,14-08-2026 10:13,19-08-2026,18-08-2026 21:25,Delivered,1,0,
AWB100000221,ORD-50221,CUST-919,Bedsheet Set,Home,MetroPost,600001,Chennai,1039,Prepaid,29-08-2026 09:10,30-08-2026 01:21,03-09-2026,02-09-2026 13:10,Delivered,1,0,
AWB100000222,ORD-50222,CUST-982,Ceramic Mug Set,Home,RoadRunner Logistics,700091,Kolkata,519,PREPAID,04-07-2026 22:54,05-07-2026 13:18,10-07-2026,09-07-2026 19:30,DELIVERED,1,0,
AWB100000223,ORD-50223,CUST-3428,Vitamin C Serum,Beauty,RoadRunner Logistics,500081,Hyderabad,769,COD,13-08-2026 19:52,14-08-2026 13:57,18-08-2026,18-08-2026 02:25,Delivered,1,0,
AWB100000224,ORD-50224,CUST-1260,Vitamin C Serum,Beauty,Metro Post,,Guwahati,459,PREPAID,14-07-2026 17:42,15-07-2026 20:06,21-07-2026,21-07-2026 07:18,DELIVERED,1,0,
AWB100000225,ORD-50225,CUST-2126,Bluetooth Earbuds,Electronics,SwiftExpress,781001,Guwahati,2489,Prepaid,01-06-2026 20:17,02-06-2026 09:09,08-06-2026,07-06-2026 19:45,Delivered,1,0,
AWB100000226,ORD-50226,CUST-2609,Smartwatch Pro,Electronics,Roadrunner Logistics,560102,Bengaluru,7909,Prepaid,21-07-2026 22:29,22-07-2026 05:31,25-07-2026,24-07-2026 16:22,Delivered,1,0,
AWB100000227,ORD-50227,CUST-3632,Denim Jacket,Apparel,Roadrunner Logistics,462001,Bhopal,2189,Prepaid,14-08-2026 19:52,15-08-2026 11:27,20-08-2026,19-08-2026 20:45,DELIVERED,1,0,
AWB100000228,ORD-50228,CUST-3845,Power Bank 10000,Electronics,SwiftExpress,411045,Pune,1359,COD,11-08-2026 09:53,11-08-2026 20:05,15-08-2026,,Returned to Origin,2,2,Address not found
AWB100000229,ORD-50229,CUST-495,Bedsheet Set,Home,Swift Express,226001,Lucknow,1919,PREPAID,15-07-2026 16:12,16-07-2026 00:44,22-07-2026,21-07-2026 07:25,DELIVERED,1,0,
AWB100000230,ORD-50230,CUST-397,Vitamin C Serum,Beauty,kestrel couriers,110017,New Delhi,429,COD,22-06-2026 19:02,23-06-2026 15:02,28-06-2026,28-06-2026 03:38,Delivered,1,0,
AWB100000231,ORD-50231,CUST-2581,Hair Oil Combo,Beauty,MetroPost,440010,Nagpur,589,PREPAID,01-09-2026 13:32,02-09-2026 13:18,05-09-2026,04-09-2026 18:35,Delivered,1,0,
AWB100000232,ORD-50232,CUST-3637,Bluetooth Earbuds,Electronics,MetroPost,834001,Ranchi,2169,cod,21-08-2026 22:02,22-08-2026 02:17,27-08-2026,26-08-2026 11:03,DELIVERED,1,0,
AWB100000233,ORD-50233,CUST-3622,Smartwatch Pro,Electronics,Swift Express,395003,Surat,7809,PREPAID,28-05-2026 21:59,29-05-2026 03:07,01-06-2026,31-05-2026 08:48,DELIVERED,1,0,
AWB100000234,ORD-50234,CUST-3344,Bedsheet Set,Home,Metro Post,110001,New Delhi,1229,Prepaid,26-05-2026 16:52,27-05-2026 11:34,01-06-2026,01-06-2026 01:21,Delivered,1,0,
AWB100000235,ORD-50235,CUST-11,Leather Sandals,Footwear,kestrel couriers,682001,Kochi,1109,PREPAID,31-05-2026 20:58,02-06-2026 08:21,06-06-2026,05-06-2026 20:22,Delivered,1,0,
AWB100000236,ORD-50236,CUST-242,Denim Jacket,Apparel,Kestrel Couriers,600042,Chennai,3019,PREPAID,08-08-2026 21:39,10-08-2026 06:05,13-08-2026,12-08-2026 14:43,DELIVERED,1,0,
AWB100000237,ORD-50237,CUST-3128,Hair Oil Combo,Beauty,MetroPost,682001,Kochi,409,COD,04-06-2026 20:38,05-06-2026 22:45,09-06-2026,09-06-2026 06:32,Delivered,1,0,
AWB100000238,ORD-50238,CUST-3142,Bedsheet Set,Home,Swift Express,122018,Gurugram,1749,COD,11-06-2026 20:11,12-06-2026 17:57,18-06-2026,20-06-2026 02:50,Delivered,3,2,Address not found
AWB100000239,ORD-50239,CUST-835,Vitamin C Serum,Beauty,kestrel couriers,781001,Guwahati,649,Prepaid,13-09-2026 13:30,13-09-2026 19:42,18-09-2026,18-09-2026 08:01,Delivered,1,0,
AWB100000240,ORD-50240,CUST-3377,Vitamin C Serum,Beauty,swiftexpress,400092,Mumbai,719,Prepaid,07-08-2026 23:18,08-08-2026 07:41,12-08-2026,11-08-2026 17:54,Delivered,1,0,
AWB100000241,ORD-50241,CUST-2364,Sneakers Classic,Footwear,Metro Post,400053,Mumbai,1569,Prepaid,14-06-2026 21:31,15-06-2026 01:39,18-06-2026,17-06-2026 08:31,DELIVERED,1,0,
AWB100000242,ORD-50242,CUST-3573,Sneakers Classic,Footwear,Swift Express,560001,Bengaluru,2749,cod,07-06-2026 10:34,07-06-2026 19:08,10-06-2026,10-06-2026 02:32,Delivered,1,0,
AWB100000243,ORD-50243,CUST-1236,Bluetooth Earbuds,Electronics,kestrel couriers,600042,Chennai,2219,COD,22-07-2026 09:40,23-07-2026 14:56,27-07-2026,26-07-2026 23:33,DELIVERED,1,0,
AWB100000244,ORD-50244,CUST-3016,Vitamin C Serum,Beauty,Kestrel Couriers,562125,Bengaluru Rural,749,COD,05-09-2026 08:58,06-09-2026 09:58,10-09-2026,09-09-2026 19:28,Delivered,1,0,
AWB100000245,ORD-50245,CUST-2755,Cotton Kurta Set,Apparel,Kestrel Couriers,500081,Hyderabad,1239,Prepaid,24-08-2026 11:28,25-08-2026 23:33,29-08-2026,29-08-2026 10:28,Delivered,1,0,
AWB100000246,ORD-50246,CUST-4025,Bluetooth Earbuds,Electronics,Kestrel Couriers,562107,Bengaluru Rural,1749,cod,14-09-2026 21:02,15-09-2026 12:45,18-09-2026,17-09-2026 22:53,Delivered,1,0,
AWB100000247,ORD-50247,CUST-3252,Running Tee,Apparel,Kestrel Couriers,562114,Bengaluru Rural,799,COD,25-06-2026 11:02,26-06-2026 06:28,29-06-2026,28-06-2026 17:15,Delivered,1,0,
AWB100000248,ORD-50248,CUST-3286,Running Tee,Apparel,kestrel couriers,411045,Pune,689,COD,12-06-2026 16:22,13-06-2026 03:09,17-06-2026,16-06-2026 08:47,Delivered,1,0,
AWB100000249,ORD-50249,CUST-1938,Sneakers Classic,Footwear,ROADRUNNER LOGISTICS,110092,New Delhi,2059,PREPAID,05-09-2026 16:55,06-09-2026 19:11,11-09-2026,11-09-2026 04:45,DELIVERED,1,0,
AWB100000250,ORD-50250,CUST-1727,Running Tee,Apparel,SwiftExpress,641001,Coimbatore,599,PREPAID,26-07-2026 16:58,27-07-2026 06:27,31-07-2026,30-07-2026 12:04,Delivered,1,0,
AWB100000251,ORD-50251,CUST-3271,Sneakers Classic,Footwear,RoadRunner Logistics,781001,Guwahati,1639,Prepaid,17-07-2026 08:56,18-07-2026 06:17,24-07-2026,23-07-2026 12:55,DELIVERED,1,0,
AWB100000252,ORD-50252,CUST-937,Bedsheet Set,Home,Metro Post,201301,Noida,2109,COD,09-07-2026 20:22,10-07-2026 01:03,16-07-2026,15-07-2026 09:49,DELIVERED,1,0,
AWB100000253,ORD-50253,CUST-954,Leather Sandals,Footwear,MetroPost,560034,Bengaluru,889,cod,04-06-2026 10:35,05-06-2026 03:28,08-06-2026,07-06-2026 06:43,Delivered,1,0,
AWB100000254,ORD-50254,CUST-722,Denim Jacket,Apparel,swiftexpress,395003,Surat,3049,COD,27-08-2026 20:30,28-08-2026 22:18,31-08-2026,01-09-2026 09:13,Delivered,2,1,Customer not reachable on phone
AWB100000255,ORD-50255,CUST-448,Vitamin C Serum,Beauty,ROADRUNNER LOGISTICS,141001,Ludhiana,689,COD,21-06-2026 16:21,22-06-2026 02:29,27-06-2026,26-06-2026 14:21,DELIVERED,1,0,
AWB100000256,ORD-50256,CUST-3909,Leather Sandals,Footwear,RoadRunner Logistics,110017,New Delhi,1439,PREPAID,17-07-2026 13:40,17-07-2026 19:38,22-07-2026,,RTO Delivered,3,3,Door locked / customer unavailable
AWB100000257,ORD-50257,CUST-2696,Vitamin C Serum,Beauty,MetroPost,562125,Bengaluru Rural,769,cod,25-06-2026 13:13,25-06-2026 18:14,28-06-2026,27-06-2026 23:00,Delivered,1,0,
AWB100000258,ORD-50258,CUST-1833,Bluetooth Earbuds,Electronics,MetroPost,751001,Bhubaneswar,1799,cod,14-06-2026 13:51,15-06-2026 15:59,21-06-2026,21-06-2026 03:58,Delivered,1,0,
AWB100000259,ORD-50259,CUST-4023,Bluetooth Earbuds,Electronics,swiftexpress,395003,Surat,1929,cod,28-08-2026 21:03,29-08-2026 10:10,02-09-2026,01-09-2026 18:27,Delivered,1,0,
AWB100000260,ORD-50260,CUST-3849,Running Tee,Apparel,swiftexpress,110017,New Delhi,659,COD,23-07-2026 14:27,24-07-2026 07:01,29-07-2026,,RTO Delivered,1,1,Customer refused to accept
AWB100000261,ORD-50261,CUST-2133,Denim Jacket,Apparel,RoadRunner Logistics,560102,Bengaluru,3489,COD,25-07-2026 18:55,26-07-2026 10:27,29-07-2026,28-07-2026 19:55,Delivered,1,0,
AWB100000262,ORD-50262,CUST-275,Sneakers Classic,Footwear,kestrel couriers,122001,Gurugram,1939,Prepaid,02-09-2026 11:45,03-09-2026 11:10,09-09-2026,08-09-2026 20:22,Delivered,1,0,
AWB100000263,ORD-50263,CUST-3280,Bluetooth Earbuds,Electronics,swiftexpress,562107,Bengaluru Rural,1509,COD,16-06-2026 15:11,17-06-2026 08:03,20-06-2026,,Returned to Origin,3,3,Door locked / customer unavailable
AWB100000264,ORD-50264,CUST-2686,Vitamin C Serum,Beauty,MetroPost,411045,Pune,709,cod,07-06-2026 15:28,08-06-2026 02:12,12-06-2026,11-06-2026 09:48,Delivered,1,0,
AWB100000265,ORD-50265,CUST-877,Bluetooth Earbuds,Electronics,SwiftExpress,160017,Chandigarh,2349,COD,05-06-2026 18:55,06-06-2026 13:11,12-06-2026,11-06-2026 20:01,DELIVERED,1,0,
AWB100000266,ORD-50266,CUST-3732,Denim Jacket,Apparel,RoadRunner Logistics,492001,Raipur,2829,cod,14-06-2026 09:17,14-06-2026 15:33,19-06-2026,18-06-2026 23:26,Delivered,1,0,
AWB100000267,ORD-50267,CUST-950,Running Tee,Apparel,ROADRUNNER LOGISTICS,400053,Mumbai,619,COD,19-06-2026 12:23,20-06-2026 05:34,24-06-2026,,RTO Delivered,2,2,Order not required / changed mind
AWB100000268,ORD-50268,CUST-2967,Ceramic Mug Set,Home,swiftexpress,500032,Hyderabad,849,Prepaid,11-08-2026 18:08,12-08-2026 17:47,15-08-2026,15-08-2026 04:36,Delivered,1,0,
AWB100000269,ORD-50269,CUST-2458,Smartwatch Pro,Electronics,Roadrunner Logistics,562149,Bengaluru Rural,7219,COD,20-06-2026 23:08,21-06-2026 03:19,25-06-2026,24-06-2026 14:00,DELIVERED,1,0,
AWB100000270,ORD-50270,CUST-4136,Sneakers Classic,Footwear,,560102,Bengaluru,1989,COD,19-05-2026 09:40,20-05-2026 02:38,23-05-2026,22-05-2026 10:03,Delivered,1,0,
AWB100000271,ORD-50271,CUST-1775,Denim Jacket,Apparel,Swift Express,751001,Bhubaneswar,3189,Prepaid,07-09-2026 17:08,08-09-2026 03:27,14-09-2026,13-09-2026 09:57,Delivered,1,0,
AWB100000272,ORD-50272,CUST-1973,Ceramic Mug Set,Home,Kestrel Couriers,700019,Kolkata,579,Prepaid,21-06-2026 21:21,23-06-2026 00:57,28-06-2026,27-06-2026 07:45,Delivered,1,0,
AWB100000273,ORD-50273,CUST-3615,Leather Sandals,Footwear,SwiftExpress,395003,Surat,919,cod,28-06-2026 11:07,29-06-2026 09:56,03-07-2026,02-07-2026 18:08,Delivered,1,0,
AWB100000274,ORD-50274,CUST-889,Sneakers Classic,Footwear,MetroPost,560068,Bengaluru,2429,PREPAID,23-05-2026 18:07,24-05-2026 16:40,28-05-2026,28-05-2026 00:35,DELIVERED,1,0,
AWB100000275,ORD-50275,CUST-2640,Vitamin C Serum,Beauty,MetroPost,122018,Gurugram,689,COD,09-08-2026 10:28,09-08-2026 20:08,15-08-2026,16-08-2026 06:06,Delivered,2,1,Customer requested reschedule
AWB100000276,ORD-50276,CUST-3457,Cotton Kurta Set,Apparel,kestrel couriers,682001,Kochi,919,PREPAID,13-06-2026 09:30,14-06-2026 23:34,18-06-2026,18-06-2026 11:39,Delivered,1,0,
AWB100000277,ORD-50277,CUST-3655,Vitamin C Serum,Beauty,MetroPost,141001,Ludhiana,639,PREPAID,02-07-2026 13:10,02-07-2026 18:10,07-07-2026,07-07-2026 02:54,Delivered,1,0,
AWB100000278,ORD-50278,CUST-2373,Hair Oil Combo,Beauty,RoadRunner Logistics,500081,Hyderabad,509,Prepaid,11-08-2026 08:52,12-08-2026 07:04,15-08-2026,14-08-2026 12:00,Delivered,1,0,
AWB100000279,ORD-50279,CUST-2401,Hair Oil Combo,Beauty,Kestrel Couriers,452001,Indore,389,COD,07-09-2026 13:51,08-09-2026 22:39,14-09-2026,14-09-2026 08:59,Delivered,1,0,
AWB100000280,ORD-50280,CUST-2144,Hair Oil Combo,Beauty,SwiftExpress,560001,Bengaluru,579,Prepaid,21-08-2026 20:10,22-08-2026 14:47,25-08-2026,24-08-2026 21:30,Delivered,1,0,
AWB100000281,ORD-50281,CUST-494,Power Bank 10000,Electronics,MetroPost,411045,Pune,1269,Prepaid,22-05-2026 16:31,23-05-2026 19:20,27-05-2026,27-05-2026 00:26,Delivered,1,0,
AWB100000282,ORD-50282,CUST-4051,Cotton Kurta Set,Apparel,RoadRunner Logistics,395003,Surat,1219,cod,03-07-2026 18:57,04-07-2026 21:59,08-07-2026,08-07-2026 06:27,Delivered,1,0,
AWB100000283,ORD-50283,CUST-2764,Vitamin C Serum,Beauty,Kestrel Couriers,226010,Lucknow,609,cod,14-07-2026 12:58,14-07-2026 23:03,20-07-2026,21-07-2026 07:35,DELIVERED,2,1,No response on call
AWB100000284,ORD-50284,CUST-3520,Vitamin C Serum,Beauty,swiftexpress,641001,Coimbatore,709,PREPAID,29-08-2026 21:02,30-08-2026 05:24,03-09-2026,02-09-2026 11:46,Delivered,1,0,
AWB100000285,ORD-50285,CUST-1568,Vitamin C Serum,Beauty,RoadRunner Logistics,400001,Mumbai,609,COD,19-05-2026 16:51,20-05-2026 03:27,24-05-2026,23-05-2026 09:43,Delivered,1,0,
AWB100000286,ORD-50286,CUST-1220,Vitamin C Serum,Beauty,Roadrunner Logistics,395003,Surat,719,COD,18-06-2026 15:06,19-06-2026 13:10,23-06-2026,22-06-2026 22:39,Delivered,1,0,
AWB100000287,ORD-50287,CUST-3770,Ceramic Mug Set,Home,SwiftExpress,700019,Kolkata,799,COD,19-07-2026 10:15,20-07-2026 09:40,25-07-2026,24-07-2026 17:28,Delivered,1,0,
AWB100000288,ORD-50288,CUST-3413,Hair Oil Combo,Beauty,RoadRunner Logistics,560034,Bengaluru,369,COD,20-06-2026 15:51,21-06-2026 14:18,24-06-2026,23-06-2026 22:55,Delivered,1,0,
AWB100000289,ORD-50289,CUST-1497,Hair Oil Combo,Beauty,SwiftExpress,700001,Kolkata,539,COD,11-09-2026 22:34,12-09-2026 10:19,17-09-2026,16-09-2026 18:12,Delivered,1,0,
AWB100000290,ORD-50290,CUST-1638,Ceramic Mug Set,Home,Kestrel Couriers,440010,Nagpur,719,cod,07-06-2026 15:15,08-06-2026 16:51,11-06-2026,13-06-2026 07:57,DELIVERED,3,2,Door locked / customer unavailable
AWB100000291,ORD-50291,CUST-1760,Bluetooth Earbuds,Electronics,RoadRunner Logistics,122001,Gurugram,1349,COD,29-07-2026 08:01,30-07-2026 08:24,04-08-2026,04-08-2026 12:55,Delivered,2,1,Phone switched off
AWB100000292,ORD-50292,CUST-2998,Bedsheet Set,Home,swiftexpress,560102,Bengaluru,1679,Prepaid,11-06-2026 23:01,12-06-2026 07:45,16-06-2026,15-06-2026 11:23,Delivered,1,0,
AWB100000293,ORD-50293,CUST-3561,Running Tee,Apparel,MetroPost,395003,Surat,589,cod,28-06-2026 15:05,29-06-2026 13:21,02-07-2026,01-07-2026 22:33,Delivered,1,0,
AWB100000294,ORD-50294,CUST-221,Smartwatch Pro,Electronics,SwiftExpress,380015,Ahmedabad,4949,PREPAID,06-06-2026 22:58,07-06-2026 17:31,10-06-2026,10-06-2026 00:45,Delivered,1,0,
AWB100000295,ORD-50295,CUST-2560,Hair Oil Combo,Beauty,swiftexpress,641001,Coimbatore,559,cod,01-08-2026 13:33,01-08-2026 21:44,05-08-2026,05-08-2026 04:52,Delivered,1,0,
AWB100000296,ORD-50296,CUST-3735,Ceramic Mug Set,Home,Swift Express,110045,New Delhi,719,Prepaid,23-05-2026 16:55,24-05-2026 15:45,30-05-2026,30-05-2026 00:15,Delivered,1,0,
AWB100000297,ORD-50297,CUST-1504,Vitamin C Serum,Beauty,Roadrunner Logistics,380001,Ahmedabad,609,COD,23-08-2026 21:13,24-08-2026 09:58,28-08-2026,,Lost,0,0,
AWB100000298,ORD-50298,CUST-143,Denim Jacket,Apparel,swiftexpress,452001,Indore,3039,COD,08-06-2026 18:39,09-06-2026 10:55,14-06-2026,13-06-2026 18:04,Delivered,1,0,
AWB100000299,ORD-50299,CUST-1029,Running Tee,Apparel,SwiftExpress,411001,Pune,819,Prepaid,14-08-2026 09:26,14-08-2026 21:51,18-08-2026,18-08-2026 08:37,Delivered,1,0,
AWB100000300,ORD-50300,CUST-3829,Bluetooth Earbuds,Electronics,Roadrunner Logistics,560068,Bengaluru,1829,PREPAID,18-07-2026 18:22,19-07-2026 02:33,22-07-2026,21-07-2026 09:55,DELIVERED,1,0,
AWB100000301,ORD-50301,CUST-3349,Ceramic Mug Set,Home,SwiftExpress,834001,Ranchi,829,COD,04-06-2026 17:45,05-06-2026 11:21,10-06-2026,09-06-2026 22:13,Delivered,1,0,
AWB100000302,ORD-50302,CUST-990,Denim Jacket,Apparel,Kestrel Couriers,122001,Gurugram,2789,cod,21-05-2026 11:02,22-05-2026 03:02,28-05-2026,27-05-2026 09:55,DELIVERED,1,0,
AWB100000303,ORD-50303,CUST-3722,Power Bank 10000,Electronics,MetroPost,110001,New Delhi,1399,cod,01-07-2026 17:11,02-07-2026 04:56,07-07-2026,06-07-2026 10:32,Delivered,1,0,
AWB100000304,ORD-50304,CUST-1661,Smartwatch Pro,Electronics,swiftexpress,562125,Bengaluru Rural,5539,cod,25-06-2026 19:20,26-06-2026 22:16,29-06-2026,30-06-2026 08:35,Delivered,2,1,Consignee not available
AWB100000305,ORD-50305,CUST-836,Bedsheet Set,Home,MetroPost,560034,Bengaluru,2059,COD,15-07-2026 18:02,16-07-2026 09:02,19-07-2026,,RTO Delivered,1,1,Customer refused to accept
AWB100000306,ORD-50306,CUST-1136,Power Bank 10000,Electronics,MetroPost,560068,Bengaluru,1289,COD,24-08-2026 12:44,24-08-2026 19:20,28-08-2026,28-08-2026 08:34,Delivered,1,0,
AWB100000307,ORD-50307,CUST-97,Cotton Kurta Set,Apparel,MetroPost,110045,New Delhi,1689,cod,22-05-2026 15:15,22-05-2026 23:50,27-05-2026,27-05-2026 08:33,Delivered,1,0,
AWB100000308,ORD-50308,CUST-1376,Bluetooth Earbuds,Electronics,SwiftExpress,380001,Ahmedabad,2249,Prepaid,24-08-2026 21:25,25-08-2026 18:38,29-08-2026,28-08-2026 23:58,Delivered,1,0,
AWB100000309,ORD-50309,CUST-4076,Ceramic Mug Set,Home,Roadrunner Logistics,560001,Bengaluru,539,Prepaid,16-06-2026 22:59,17-06-2026 05:44,21-06-2026,20-06-2026 16:05,Delivered,1,0,
AWB100000310,ORD-50310,CUST-3442,Cotton Kurta Set,Apparel,MetroPost,110045,New Delhi,989,Prepaid,02-09-2026 11:29,03-09-2026 04:28,09-09-2026,08-09-2026 13:36,DELIVERED,1,0,
AWB100000311,ORD-50311,CUST-2337,Cotton Kurta Set,Apparel,Metro Post,141001,Ludhiana,1389,Prepaid,30-08-2026 19:51,31-08-2026 12:44,06-09-2026,05-09-2026 22:01,Delivered,1,0,
AWB100000312,ORD-50312,CUST-3377,Cotton Kurta Set,Apparel,MetroPost,462001,Bhopal,1199,PREPAID,18-08-2026 16:37,18-08-2026 20:37,23-08-2026,23-08-2026 04:05,Delivered,1,0,
AWB100000313,ORD-50313,CUST-2273,Cotton Kurta Set,Apparel,swiftexpress,110045,New Delhi,1199,Prepaid,26-07-2026 23:13,27-07-2026 20:08,02-08-2026,02-08-2026 01:40,Delivered,1,0,
AWB100000314,ORD-50314,CUST-3575,Hair Oil Combo,Beauty,RoadRunner Logistics,400070,Mumbai,549,COD,26-06-2026 22:26,27-06-2026 16:10,01-07-2026,01-07-2026 02:41,Delivered,1,0,
AWB100000315,ORD-50315,CUST-1380,Vitamin C Serum,Beauty,Swift Express,400092,Mumbai,719,COD,03-07-2026 13:10,04-07-2026 12:54,07-07-2026,08-07-2026 01:58,Delivered,2,1,Door locked / customer unavailable
AWB100000316,ORD-50316,CUST-241,Vitamin C Serum,Beauty,Swift Express,400053,Mumbai,459,COD,15-07-2026 16:23,16-07-2026 14:55,20-07-2026,21-07-2026 03:19,Delivered,2,1,Customer not available at address
AWB100000317,ORD-50317,CUST-2164,Leather Sandals,Footwear,RoadRunner Logistics,110017,New Delhi,1409,cod,26-05-2026 21:09,27-05-2026 14:29,02-06-2026,,RTO Delivered,3,3,Address not found
AWB100000318,ORD-50318,CUST-718,Sneakers Classic,Footwear,kestrel couriers,411045,Pune,2889,COD,20-07-2026 17:09,21-07-2026 01:13,25-07-2026,,Returned to Origin,3,3,Door locked / customer unavailable
AWB100000319,ORD-50319,CUST-2351,Power Bank 10000,Electronics,MetroPost,834001,Ranchi,1149,COD,29-07-2026 21:19,30-07-2026 23:39,05-08-2026,,RTO Delivered,1,1,Consignee refused delivery
AWB100000320,ORD-50320,CUST-1127,Leather Sandals,Footwear,Swift Express,440010,Nagpur,1089,Prepaid,04-06-2026 23:11,05-06-2026 06:15,08-06-2026,07-06-2026 18:40,Delivered,1,0,
AWB100000321,ORD-50321,CUST-807,Hair Oil Combo,Beauty,SwiftExpress,452001,Indore,679,Prepaid,08-08-2026 19:34,09-08-2026 16:37,14-08-2026,13-08-2026 23:01,DELIVERED,1,0,
AWB100000322,ORD-50322,CUST-912,Leather Sandals,Footwear,Kestrel Couriers,400070,Mumbai,899,PREPAID,18-06-2026 09:02,19-06-2026 18:03,23-06-2026,,RTO Delivered,1,1,Customer not available at address
AWB100000323,ORD-50323,CUST-4043,Leather Sandals,Footwear,MetroPost,560034,Bengaluru,1399,Prepaid,29-07-2026 22:41,30-07-2026 07:43,03-08-2026,02-08-2026 19:10,Delivered,1,0,
AWB100000324,ORD-50324,CUST-422,Sneakers Classic,Footwear,Roadrunner Logistics,400070,Mumbai,1969,COD,24-06-2026 19:23,25-06-2026 11:08,29-06-2026,28-06-2026 22:50,Delivered,1,0,
AWB100000325,ORD-50325,CUST-691,Cotton Kurta Set,Apparel,SwiftExpress,400092,Mumbai,1789,cod,28-05-2026 08:11,29-05-2026 12:01,01-06-2026,31-05-2026 22:19,Delivered,1,0,
AWB100000326,ORD-50326,CUST-3946,Leather Sandals,Footwear,Kestrel Couriers,500032,Hyderabad,889,cod,29-05-2026 18:55,30-05-2026 22:59,02-06-2026,02-06-2026 03:43,Delivered,1,0,
AWB100000327,ORD-50327,CUST-282,Leather Sandals,Footwear,RoadRunner Logistics,700019,Kolkata,1299,Prepaid,15-08-2026 17:28,16-08-2026 00:32,21-08-2026,20-08-2026 10:16,Delivered,1,0,
AWB100000328,ORD-50328,CUST-2688,Cotton Kurta Set,Apparel,Roadrunner Logistics,560068,Bengaluru,1019,cod,10-06-2026 18:11,11-06-2026 04:25,14-06-2026,,RTO Delivered,3,3,Incomplete address
AWB100000329,ORD-50329,CUST-2281,Hair Oil Combo,Beauty,,110045,New Delhi,509,COD,03-08-2026 08:36,04-08-2026 05:36,10-08-2026,09-08-2026 11:57,Delivered,1,0,
AWB100000330,ORD-50330,CUST-2033,Smartwatch Pro,Electronics,RoadRunner Logistics,562149,Bengaluru Rural,6379,COD,10-06-2026 18:24,11-06-2026 19:00,15-06-2026,15-06-2026 02:34,DELIVERED,1,0,
AWB100000331,ORD-50331,CUST-2478,Running Tee,Apparel,RoadRunner Logistics,110017,New Delhi,819,PREPAID,30-08-2026 14:32,,,,Cancelled,0,0,
AWB100000332,ORD-50332,CUST-84,Sneakers Classic,Footwear,SwiftExpress,600042,Chennai,2229,PREPAID,18-06-2026 15:16,19-06-2026 09:44,23-06-2026,22-06-2026 21:01,Delivered,1,0,
AWB100000333,ORD-50333,CUST-1979,Hair Oil Combo,Beauty,SwiftExpress,141001,Ludhiana,629,cod,31-05-2026 12:53,31-05-2026 22:21,05-06-2026,06-06-2026 01:43,Delivered,2,1,Door locked / customer unavailable
AWB100000334,ORD-50334,CUST-2195,Vitamin C Serum,Beauty,Kestrel Couriers,562107,Bengaluru Rural,599,COD,05-06-2026 22:52,06-06-2026 13:58,09-06-2026,,RTO Delivered,1,1,Customer refused to accept
AWB100000335,ORD-50335,CUST-3022,Bluetooth Earbuds,Electronics,MetroPost,562114,Bengaluru Rural,1929,COD,15-09-2026 22:13,,,,Cancelled,0,0,
AWB100000336,ORD-50336,CUST-346,Bedsheet Set,Home,ROADRUNNER LOGISTICS,302001,Jaipur,1589,COD,26-08-2026 22:03,27-08-2026 09:43,01-09-2026,31-08-2026 17:51,DELIVERED,1,0,
AWB100000337,ORD-50337,CUST-432,Cotton Kurta Set,Apparel,ROADRUNNER LOGISTICS,122018,Gurugram,929,COD,26-07-2026 23:20,27-07-2026 15:15,01-08-2026,,RTO Delivered,3,3,Customer not available at address
AWB100000338,ORD-50338,CUST-1739,Power Bank 10000,Electronics,ROADRUNNER LOGISTICS,400070,Mumbai,1179,Prepaid,13-09-2026 21:47,14-09-2026 20:40,17-09-2026,17-09-2026 04:20,Delivered,1,0,
AWB100000339,ORD-50339,CUST-3946,Hair Oil Combo,Beauty,Metro Post,641001,Coimbatore,469,PREPAID,09-09-2026 17:57,10-09-2026 11:46,13-09-2026,12-09-2026 21:53,DELIVERED,1,0,
AWB100000340,ORD-50340,CUST-3077,Running Tee,Apparel,Swift Express,400053,Mumbai,659,PREPAID,18-07-2026 21:51,19-07-2026 18:36,22-07-2026,23-07-2026 03:00,Delivered,2,1,Door locked / customer unavailable
AWB100000341,ORD-50341,CUST-2821,Running Tee,Apparel,RoadRunner Logistics,751001,Bhubaneswar,579,Prepaid,23-05-2026 22:36,24-05-2026 11:34,30-05-2026,29-05-2026 19:46,DELIVERED,1,0,
AWB100000342,ORD-50342,CUST-2518,Sneakers Classic,Footwear,Kestrel Couriers,560068,Bengaluru,2649,COD,03-06-2026 22:19,04-06-2026 11:45,07-06-2026,06-06-2026 20:50,Delivered,1,0,
AWB100000343,ORD-50343,CUST-3064,Leather Sandals,Footwear,ROADRUNNER LOGISTICS,562107,Bengaluru Rural,1079,COD,21-07-2026 18:14,21-07-2026 23:33,24-07-2026,26-07-2026 11:04,Delivered,3,2,Customer not available at address
AWB100000344,ORD-50344,CUST-2676,Denim Jacket,Apparel,MetroPost,452001,Indore,3419,COD,26-05-2026 09:15,27-05-2026 00:08,01-06-2026,,RTO Delivered,1,1,Incomplete address
AWB100000345,ORD-50345,CUST-1026,Hair Oil Combo,Beauty,SwiftExpress,600096,Chennai,579,Prepaid,07-09-2026 13:18,07-09-2026 19:20,11-09-2026,,Returned to Origin,3,3,Customer refused to accept
AWB100000346,ORD-50346,CUST-2505,Ceramic Mug Set,Home,Kestrel Couriers,201305,Noida,729,cod,11-09-2026 15:46,12-09-2026 23:16,18-09-2026,,Returned to Origin,3,3,Vehicle breakdown / no time to attempt
AWB100000347,ORD-50347,CUST-1874,Sneakers Classic,Footwear,kestrel couriers,500081,Hyderabad,1959,cod,12-09-2026 23:25,13-09-2026 06:12,16-09-2026,,RTO Delivered,1,1,Customer not available at address
AWB100000348,ORD-50348,CUST-3563,Cotton Kurta Set,Apparel,ROADRUNNER LOGISTICS,560068,Bengaluru,1459,Prepaid,25-07-2026 16:01,26-07-2026 19:06,30-07-2026,30-07-2026 01:54,Delivered,1,0,
AWB100000349,ORD-50349,CUST-3512,Power Bank 10000,Electronics,RoadRunner Logistics,562130,Bengaluru Rural,1159,COD,16-06-2026 19:13,17-06-2026 12:12,20-06-2026,19-06-2026 22:54,Delivered,1,0,
AWB100000350,ORD-50350,CUST-1231,Ceramic Mug Set,Home,Roadrunner Logistics,781001,Guwahati,929,COD,01-08-2026 18:31,01-08-2026 23:31,06-08-2026,06-08-2026 07:47,DELIVERED,1,0,
AWB100000351,ORD-50351,CUST-530,Sneakers Classic,Footwear,swiftexpress,452001,Indore,1939,cod,24-05-2026 11:09,24-05-2026 20:21,30-05-2026,,Returned to Origin,3,3,Consignee refused delivery
AWB100000352,ORD-50352,CUST-3021,Vitamin C Serum,Beauty,Metro Post,700091,Kolkata,479,COD,10-09-2026 18:00,11-09-2026 09:08,17-09-2026,16-09-2026 19:11,Delivered,1,0,
AWB100000353,ORD-50353,CUST-664,Leather Sandals,Footwear,MetroPost,562125,Bengaluru Rural,1229,COD,01-09-2026 20:10,02-09-2026 14:29,05-09-2026,,Returned to Origin,3,3,Customer not available at address
AWB100000354,ORD-50354,CUST-1354,Hair Oil Combo,Beauty,Metro Post,600096,Chennai,539,PREPAID,19-07-2026 21:27,21-07-2026 00:20,24-07-2026,23-07-2026 10:23,Delivered,1,0,
AWB100000355,ORD-50355,CUST-3285,Power Bank 10000,Electronics,ROADRUNNER LOGISTICS,500001,Hyderabad,1099,cod,21-06-2026 21:18,22-06-2026 12:39,26-06-2026,25-06-2026 19:47,Delivered,1,0,
AWB100000356,ORD-50356,CUST-2332,Vitamin C Serum,Beauty,Swift Express,834001,Ranchi,769,COD,17-07-2026 13:53,17-07-2026 20:14,23-07-2026,24-07-2026 08:29,Delivered,2,1,Customer not available at address
AWB100000357,ORD-50357,CUST-3569,Cotton Kurta Set,Apparel,swiftexpress,562114,Bengaluru Rural,1409,Prepaid,15-09-2026 23:05,16-09-2026 05:30,20-09-2026,19-09-2026 12:29,Delivered,1,0,
AWB100000358,ORD-50358,CUST-2440,Vitamin C Serum,Beauty,MetroPost,110017,New Delhi,529,Prepaid,24-06-2026 12:50,25-06-2026 09:14,30-06-2026,29-06-2026 20:08,DELIVERED,1,0,
AWB100000359,ORD-50359,CUST-1878,Sneakers Classic,Footwear,MetroPost,700019,Kolkata,2779,COD,15-08-2026 19:52,16-08-2026 03:28,21-08-2026,20-08-2026 09:05,Delivered,1,0,
AWB100000360,ORD-50360,CUST-797,Denim Jacket,Apparel,SwiftExpress,400001,Mumbai,2359,PREPAID,11-07-2026 12:57,12-07-2026 06:15,15-07-2026,14-07-2026 12:48,Delivered,1,0,
AWB100000361,ORD-50361,CUST-3041,Running Tee,Apparel,Kestrel Couriers,411045,Pune,779,Prepaid,13-06-2026 21:49,14-06-2026 02:03,18-06-2026,17-06-2026 10:00,Delivered,1,0,
AWB100000362,ORD-50362,CUST-3864,Bluetooth Earbuds,Electronics,Swift Express,400070,Mumbai,1959,COD,14-06-2026 15:29,15-06-2026 18:56,18-06-2026,18-06-2026 01:50,Delivered,1,0,
AWB100000363,ORD-50363,CUST-1821,Running Tee,Apparel,Metro Post,201301,Noida,729,COD,13-09-2026 21:40,14-09-2026 18:46,19-09-2026,19-09-2026 03:39,DELIVERED,1,0,
AWB100000364,ORD-50364,CUST-1527,Sneakers Classic,Footwear,SwiftExpress,141001,Ludhiana,1859,COD,08-08-2026 18:27,09-08-2026 12:10,15-08-2026,14-08-2026 18:47,Delivered,1,0,
AWB100000365,ORD-50365,CUST-503,Bluetooth Earbuds,Electronics,RoadRunner Logistics,462001,Bhopal,1439,cod,06-09-2026 10:30,07-09-2026 11:33,13-09-2026,13-09-2026 19:34,Delivered,2,1,Door locked / customer unavailable
AWB100000366,ORD-50366,CUST-2490,Sneakers Classic,Footwear,Roadrunner Logistics,110017,New Delhi,1939,COD,23-08-2026 12:13,24-08-2026 04:53,30-08-2026,,RTO Delivered,3,3,Address not found
AWB100000367,ORD-50367,CUST-236,Bluetooth Earbuds,Electronics,SwiftExpress,411045,Pune,1809,COD,14-06-2026 16:14,15-06-2026 12:55,18-06-2026,17-06-2026 18:50,Delivered,1,0,
AWB100000368,ORD-50368,CUST-2576,Leather Sandals,Footwear,Kestrel Couriers,395003,Surat,1119,Prepaid,02-09-2026 18:21,03-09-2026 00:51,07-09-2026,06-09-2026 13:01,DELIVERED,1,0,
AWB100000369,ORD-50369,CUST-2260,Bluetooth Earbuds,Electronics,RoadRunner Logistics,562107,Bengaluru Rural,1759,COD,20-07-2026 11:34,21-07-2026 06:48,25-07-2026,24-07-2026 12:59,Delivered,1,0,
AWB100000370,ORD-50370,CUST-3032,Bedsheet Set,Home,Roadrunner Logistics,492001,Raipur,1389,COD,03-06-2026 11:09,04-06-2026 02:33,10-06-2026,09-06-2026 13:43,Delivered,1,0,
AWB100000371,ORD-50371,CUST-1613,Sneakers Classic,Footwear,kestrel couriers,110017,New Delhi,2049,Prepaid,10-07-2026 17:46,11-07-2026 01:31,17-07-2026,16-07-2026 08:39,Delivered,1,0,
AWB100000372,ORD-50372,CUST-1903,Bluetooth Earbuds,Electronics,RoadRunner Logistics,226001,Lucknow,1479,Prepaid,17-06-2026 16:04,18-06-2026 07:44,23-06-2026,31/02/2025,Delivered,1,0,
AWB100000373,ORD-50373,CUST-629,Denim Jacket,Apparel,kestrel couriers,395003,Surat,2409,COD,01-09-2026 16:21,03-09-2026 03:34,07-09-2026,06-09-2026 09:42,Delivered,1,0,
AWB100000374,ORD-50374,CUST-50,Vitamin C Serum,Beauty,Swift Express,395003,Surat,599,Prepaid,12-09-2026 17:20,13-09-2026 01:55,16-09-2026,15-09-2026 13:18,Delivered,1,0,
AWB100000375,ORD-50375,CUST-2731,Cotton Kurta Set,Apparel,Swift Express,560068,Bengaluru,1049,cod,01-09-2026 12:23,01-09-2026 20:36,04-09-2026,04-09-2026 03:48,Delivered,1,0,
AWB100000376,ORD-50376,CUST-79,Sneakers Classic,Footwear,Kestrel Couriers,500032,Hyderabad,2909,PREPAID,15-06-2026 21:39,16-06-2026 22:15,20-06-2026,20-06-2026 08:55,Delivered,1,0,
AWB100000377,ORD-50377,CUST-673,Leather Sandals,Footwear,Roadrunner Logistics,395003,Surat,999,COD,13-07-2026 14:54,14-07-2026 07:53,17-07-2026,16-07-2026 18:24,Delivered,1,0,
AWB100000378,ORD-50378,CUST-265,Bedsheet Set,Home,MetroPost,560068,Bengaluru,2009,PREPAID,28-07-2026 20:18,,,,Cancelled,0,0,
AWB100000379,ORD-50379,CUST-1519,Running Tee,Apparel,,682001,Kochi,829,COD,06-06-2026 16:32,06-06-2026 21:31,09-06-2026,09-06-2026 06:30,Delivered,1,0,
AWB100000380,ORD-50380,CUST-4166,Bedsheet Set,Home,SwiftExpress,395003,Surat,1009,,07-07-2026 17:43,08-07-2026 04:23,11-07-2026,10-07-2026 15:05,Delivered,1,0,
AWB100000381,ORD-50381,CUST-3901,Ceramic Mug Set,Home,Swift Express,682001,Kochi,969,Prepaid,21-08-2026 15:16,22-08-2026 11:36,26-08-2026,25-08-2026 20:37,Delivered,1,0,
AWB100000382,ORD-50382,CUST-1278,Hair Oil Combo,Beauty,Kestrel Couriers,110017,New Delhi,589,PREPAID,06-06-2026 15:50,06-06-2026 21:12,12-06-2026,12-06-2026 04:39,Delivered,1,0,
AWB100000383,ORD-50383,CUST-3501,Leather Sandals,Footwear,Roadrunner Logistics,751001,Bhubaneswar,1409,cod,21-08-2026 08:45,21-08-2026 23:41,26-08-2026,26-08-2026 09:23,Delivered,1,0,
AWB100000384,ORD-50384,CUST-2818,Vitamin C Serum,Beauty,kestrel couriers,226010,Lucknow,529,Prepaid,01-09-2026 11:52,02-09-2026 12:45,07-09-2026,06-09-2026 17:45,DELIVERED,1,0,
AWB100000385,ORD-50385,CUST-778,Power Bank 10000,Electronics,Metro Post,411001,Pune,1099,COD,27-05-2026 11:24,27-05-2026 17:18,31-05-2026,30-05-2026 22:03,Delivered,1,0,
AWB100000386,ORD-50386,CUST-436,Running Tee,Apparel,Kestrel Couriers,500001,Hyderabad,589,cod,28-06-2026 16:16,28-06-2026 21:57,01-07-2026,,RTO Delivered,3,3,Phone switched off
AWB100000387,ORD-50387,CUST-1334,Denim Jacket,Apparel,Kestrel Couriers,682001,Kochi,2399,cod,01-07-2026 14:27,02-07-2026 00:15,05-07-2026,04-07-2026 09:49,Delivered,1,0,
AWB100000388,ORD-50388,CUST-646,Vitamin C Serum,Beauty,Swift Express,395003,Surat,609,PREPAID,24-08-2026 20:30,25-08-2026 22:55,29-08-2026,29-08-2026 07:08,Delivered,1,0,
AWB100000389,ORD-50389,CUST-1769,Running Tee,Apparel,Metro Post,160017,Chandigarh,789,COD,20-06-2026 09:54,21-06-2026 12:43,27-06-2026,26-06-2026 22:18,Delivered,1,0,
AWB100000390,ORD-50390,CUST-3615,Cotton Kurta Set,Apparel,Swift Express,600042,Chennai,1679,COD,30-07-2026 14:14,31-07-2026 13:37,04-08-2026,03-08-2026 22:46,Delivered,1,0,
AWB100000391,ORD-50391,CUST-3323,Leather Sandals,Footwear,Kestrel Couriers,440010,Nagpur,1259,COD,29-08-2026 14:08,29-08-2026 20:50,01-09-2026,01-09-2026 00:37,Delivered,1,0,
AWB100000392,ORD-50392,CUST-790,Running Tee,Apparel,Swift Express,682001,Kochi,899,PREPAID,31-08-2026 12:36,01-09-2026 14:58,04-09-2026,04-09-2026 23:28,Delivered,2,1,Phone switched off
AWB100000393,ORD-50393,CUST-14,Cotton Kurta Set,Apparel,RoadRunner Logistics,411001,Pune,1589,COD,29-07-2026 22:02,31-07-2026 01:36,03-08-2026,02-08-2026 11:07,Delivered,1,0,
AWB100000394,ORD-50394,CUST-370,Leather Sandals,Footwear,MetroPost,400070,Mumbai,1409,cod,15-06-2026 18:44,16-06-2026 18:07,20-06-2026,21-06-2026 01:18,Delivered,2,1,Consignee not available
AWB100000395,ORD-50395,CUST-642,Hair Oil Combo,Beauty,ROADRUNNER LOGISTICS,411001,Pune,609,COD,07-08-2026 09:18,08-08-2026 05:34,11-08-2026,10-08-2026 12:35,Delivered,1,0,
AWB100000396,ORD-50396,CUST-2210,Ceramic Mug Set,Home,Roadrunner Logistics,226001,Lucknow,509,Prepaid,20-06-2026 15:56,20-06-2026 20:02,26-06-2026,26-06-2026 06:18,Delivered,1,0,
AWB100000397,ORD-50397,CUST-324,Sneakers Classic,Footwear,kestrel couriers,560034,Bengaluru,2179,COD,06-07-2026 22:25,07-07-2026 23:08,11-07-2026,11-07-2026 12:19,Delivered,1,0,
AWB100000398,ORD-50398,CUST-819,Running Tee,Apparel,SwiftExpress,562149,Bengaluru Rural,509,,32/13/2025,25-08-2026 20:52,28-08-2026,28-08-2026 03:53,Delivered,1,0,
AWB100000399,ORD-50399,CUST-3436,Power Bank 10000,Electronics,Metro Post,462001,Bhopal,1119,Prepaid,23-07-2026 16:02,24-07-2026 05:01,30-07-2026,30-07-2026 16:50,Delivered,2,1,Consignee not available
AWB100000280,ORD-50280,CUST-2144,Hair Oil Combo,Beauty,SwiftExpress,560001,Bengaluru,579,Prepaid,21-08-2026 20:10,22-08-2026 14:47,25-08-2026,24-08-2026 21:30,Delivered,1,0,
